
COMMAND: TTNN_ALLOW_SYSTEM_MESH_FALLBACK=1 TTNN_USE_DECODE_TRACE=0 TT_METAL_CACHE=/tmp/tt-metal-cache PYTHONUNBUFFERED=1 python -u demo.py models/humain-ai/ALLaM-7B-Instruct-preview/n300/optimized/model.py --max_seq_len 4096 --seed 0
/proj_sw/user_dev/moconnor/tt-metal/python_env/lib/python3.10/site-packages/transformers/utils/hub.py:111: FutureWarning: Using `TRANSFORMERS_CACHE` is deprecated and will be removed in v5 of Transformers. Use `HF_HOME` instead.
  warnings.warn(
2026-02-11 23:55:16.381 | DEBUG    | ttnn:<module>:77 - Initial ttnn.CONFIG:
Config{cache_path=/home/moconnor/.cache/ttnn,model_cache_path=/home/moconnor/.cache/ttnn/models,tmp_dir=/tmp/ttnn,enable_model_cache=false,enable_fast_runtime_mode=true,throw_exception_on_fallback=false,enable_logging=false,enable_graph_report=false,enable_detailed_buffer_report=false,enable_detailed_tensor_report=false,enable_comparison_mode=false,comparison_mode_should_raise_exception=false,comparison_mode_pcc=0.9999,root_report_path=generated/ttnn/reports,report_name=std::nullopt,std::nullopt}
Loading tokenizer: humain-ai/ALLaM-7B-Instruct-preview
Opening TT device...
2026-02-11 23:55:18.251 | info     |             UMD | Established firmware bundle version: 18.12.1 (topology_discovery.cpp:368)
2026-02-11 23:55:18.252 | info     |          Device | Opening user mode device driver (tt_cluster.cpp:223)
2026-02-11 23:55:18.257 | info     |             UMD | Established firmware bundle version: 18.12.1 (topology_discovery.cpp:368)
2026-02-11 23:55:18.291 | info     |             UMD | Established firmware bundle version: 18.12.1 (topology_discovery.cpp:368)
2026-02-11 23:55:18.292 | info     |             UMD | Harvesting masks for chip 1 tensix: 0x8 dram: 0x0 eth: 0x0 pcie: 0x0 l2cpu: 0x0 (cluster.cpp:339)
2026-02-11 23:55:18.378 | info     |             UMD | Harvesting masks for chip 0 tensix: 0x8 dram: 0x0 eth: 0x0 pcie: 0x0 l2cpu: 0x0 (cluster.cpp:339)
2026-02-11 23:55:18.393 | info     |             UMD | Opening local chip ids/PCIe ids: {0, 1}/[4, 3] and remote chip ids {} (cluster.cpp:186)
2026-02-11 23:55:18.393 | info     |             UMD | IOMMU: disabled (cluster.cpp:161)
2026-02-11 23:55:18.393 | info     |             UMD | KMD version: 2.4.1 (cluster.cpp:164)
2026-02-11 23:55:18.396 | info     |             UMD | Starting devices in cluster (cluster.cpp:965)
2026-02-11 23:55:18.399 | info     |             UMD | Mapped hugepage 0x4400000000 to NOC address 0x800000000 (silicon_sysmem_manager.cpp:207)
2026-02-11 23:55:18.403 | info     |             UMD | Mapped hugepage 0x480000000 to NOC address 0x800000000 (silicon_sysmem_manager.cpp:207)
2026-02-11 23:55:18.467 | info     |     Distributed | Using auto discovery to generate mesh graph. (metal_context.cpp:863)
2026-02-11 23:55:18.467 | info     |     Distributed | Constructing control plane using auto-discovery (no mesh graph descriptor). (metal_context.cpp:840)
2026-02-11 23:55:18.467 | info     |          Fabric | TopologyMapper mapping start (mesh=0): n_log=2, n_phys=2, log_deg_hist={1:2}, phys_deg_hist={0:2} (topology_mapper_utils.cpp:171)
2026-02-11 23:55:18.467 | info     |          Fabric | TopologyMapper mapping start (mesh=0): n_log=1, n_phys=2, log_deg_hist={0:1}, phys_deg_hist={0:2} (topology_mapper_utils.cpp:171)
2026-02-11 23:55:18.467 | warning  |          Fabric | TopologyMapper auto-discovery: Downgrading to mesh shape 1x1 (1 total nodes) for 2 physical chips. Some physical chips may not be used. This may indicate connectivity issues, topology mismatches, or insufficient fabric links between chips. Verify your physical chip connectivity and ensure that the fabric links are correctly configured. (topology_mapper.cpp:1564)
2026-02-11 23:55:18.467 | info     |          Fabric | TopologyMapper mapping start (mesh=0): n_log=1, n_phys=2, log_deg_hist={0:1}, phys_deg_hist={0:2} (topology_mapper_utils.cpp:171)
Requested mesh (1, 2) exceeds discovered system mesh (1, 1); falling back to discovered mesh because TTNN_ALLOW_SYSTEM_MESH_FALLBACK is enabled.
2026-02-11 23:55:21.766 | DEBUG    | ttnn.device:__init__:150 - Using default dispatch core type for this system: DispatchCoreType.WORKER
2026-02-11 23:55:21.766 | DEBUG    | ttnn.device:__init__:152 - Using default dispatch core axis for this system: DispatchCoreAxis.ROW
2026-02-11 23:55:21.784 | info     |    BuildKernels | Skipping deleting built cache (build.cpp:110)
2026-02-11 23:55:21.796 | info     |    BuildKernels | Skipping deleting built cache (build.cpp:110)
2026-02-11 23:55:21.866 | warning  |           Metal | Opening subset of mmio devices slows down UMD read/write to remote chips. If opening more devices, consider using CreateDevices API. (device_manager.cpp:301)
Loading HuggingFace reference model on CPU: humain-ai/ALLaM-7B-Instruct-preview
Loading checkpoint shards:   0%|          | 0/3 [00:00<?, ?it/s]Loading checkpoint shards:  33%|███▎      | 1/3 [00:00<00:01,  1.54it/s]Loading checkpoint shards:  67%|██████▋   | 2/3 [00:01<00:00,  1.58it/s]Loading checkpoint shards: 100%|██████████| 3/3 [00:01<00:00,  1.71it/s]Loading checkpoint shards: 100%|██████████| 3/3 [00:01<00:00,  1.67it/s]
Building TT model...
  Loading embeddings...
  Computing RoPE cache...
  Loading 32 layers...
Running one warmup prefill+decode pass (kernel compile warmup)...
2026-02-11 23:58:47.374 | warning  |    BuildKernels | Compute kernel 'pack_untilize_variable_num_blocks/18021495543364167813/' uses deprecated 'namespace NAMESPACE { void MAIN { } }' syntax. Please migrate to simplified 'void kernel_main() { }' syntax. (genfiles.cpp:187)
2026-02-11 23:58:47.469 | warning  |    BuildKernels | Compute kernel 'tilize/18251814608165832562/' uses deprecated 'namespace NAMESPACE { void MAIN { } }' syntax. Please migrate to simplified 'void kernel_main() { }' syntax. (genfiles.cpp:187)
2026-02-11 23:58:47.519 | warning  |    BuildKernels | Compute kernel 'layernorm/17132337866544620763/' uses deprecated 'namespace NAMESPACE { void MAIN { } }' syntax. Please migrate to simplified 'void kernel_main() { }' syntax. (genfiles.cpp:187)
2026-02-11 23:58:47.606 | warning  |    BuildKernels | Compute kernel 'bmm_large_block_zm_fused_bias_activation/9984058517180339019/' uses deprecated 'namespace NAMESPACE { void MAIN { } }' syntax. Please migrate to simplified 'void kernel_main() { }' syntax. (genfiles.cpp:187)
2026-02-11 23:58:47.704 | warning  |    BuildKernels | Compute kernel 'rotary_embedding/15977828201954068243/' uses deprecated 'namespace NAMESPACE { void MAIN { } }' syntax. Please migrate to simplified 'void kernel_main() { }' syntax. (genfiles.cpp:187)
2026-02-11 23:58:47.778 | warning  |    BuildKernels | Compute kernel 'sdpa/89646819859773288/' uses deprecated 'namespace NAMESPACE { void MAIN { } }' syntax. Please migrate to simplified 'void kernel_main() { }' syntax. (genfiles.cpp:187)
2026-02-11 23:58:47.871 | warning  |    BuildKernels | Compute kernel 'bmm_large_block_zm_fused_bias_activation/10871277992888585774/' uses deprecated 'namespace NAMESPACE { void MAIN { } }' syntax. Please migrate to simplified 'void kernel_main() { }' syntax. (genfiles.cpp:187)
2026-02-11 23:58:48.105 | warning  |    BuildKernels | Compute kernel 'bmm_large_block_zm_fused_bias_activation/14368278037435521175/' uses deprecated 'namespace NAMESPACE { void MAIN { } }' syntax. Please migrate to simplified 'void kernel_main() { }' syntax. (genfiles.cpp:187)
2026-02-11 23:58:48.172 | warning  |    BuildKernels | Compute kernel 'pack_untilize_wh/7086840538318172595/' uses deprecated 'namespace NAMESPACE { void MAIN { } }' syntax. Please migrate to simplified 'void kernel_main() { }' syntax. (genfiles.cpp:187)
2026-02-11 23:58:48.173 | warning  |    BuildKernels | Compute kernel 'pack_untilize_wh/3852363199925462906/' uses deprecated 'namespace NAMESPACE { void MAIN { } }' syntax. Please migrate to simplified 'void kernel_main() { }' syntax. (genfiles.cpp:187)
2026-02-11 23:58:48.173 | warning  |    BuildKernels | Compute kernel 'pack_untilize_wh/12783016731784767080/' uses deprecated 'namespace NAMESPACE { void MAIN { } }' syntax. Please migrate to simplified 'void kernel_main() { }' syntax. (genfiles.cpp:187)
2026-02-11 23:58:48.251 | warning  |    BuildKernels | Compute kernel 'tilize_wh/4709288304851342762/' uses deprecated 'namespace NAMESPACE { void MAIN { } }' syntax. Please migrate to simplified 'void kernel_main() { }' syntax. (genfiles.cpp:187)
2026-02-11 23:58:48.251 | warning  |    BuildKernels | Compute kernel 'tilize_wh/12714357955689313488/' uses deprecated 'namespace NAMESPACE { void MAIN { } }' syntax. Please migrate to simplified 'void kernel_main() { }' syntax. (genfiles.cpp:187)
2026-02-11 23:58:48.251 | warning  |    BuildKernels | Compute kernel 'tilize_wh/7242876147893395727/' uses deprecated 'namespace NAMESPACE { void MAIN { } }' syntax. Please migrate to simplified 'void kernel_main() { }' syntax. (genfiles.cpp:187)
2026-02-11 23:58:48.302 | warning  |    BuildKernels | Compute kernel 'bmm_large_block_zm_fused_bias_activation/4404026160441986435/' uses deprecated 'namespace NAMESPACE { void MAIN { } }' syntax. Please migrate to simplified 'void kernel_main() { }' syntax. (genfiles.cpp:187)
2026-02-11 23:58:48.436 | warning  |    BuildKernels | Compute kernel 'bmm_large_block_zm_fused_bias_activation/6155824524306476405/' uses deprecated 'namespace NAMESPACE { void MAIN { } }' syntax. Please migrate to simplified 'void kernel_main() { }' syntax. (genfiles.cpp:187)
2026-02-11 23:58:48.556 | warning  |    BuildKernels | Compute kernel 'update_cache/13768511706347252700/' uses deprecated 'namespace NAMESPACE { void MAIN { } }' syntax. Please migrate to simplified 'void kernel_main() { }' syntax. (genfiles.cpp:187)
2026-02-11 23:58:48.608 | warning  |    BuildKernels | Compute kernel 'sdpa_flash_decode/18089812707812935173/' uses deprecated 'namespace NAMESPACE { void MAIN { } }' syntax. Please migrate to simplified 'void kernel_main() { }' syntax. (genfiles.cpp:187)
2026-02-11 23:58:48.743 | warning  |    BuildKernels | Compute kernel 'bmm_large_block_zm_fused_bias_activation/7127569624077686788/' uses deprecated 'namespace NAMESPACE { void MAIN { } }' syntax. Please migrate to simplified 'void kernel_main() { }' syntax. (genfiles.cpp:187)
2026-02-11 23:58:48.906 | warning  |    BuildKernels | Compute kernel 'bmm_large_block_zm_fused_bias_activation/4391359061119251671/' uses deprecated 'namespace NAMESPACE { void MAIN { } }' syntax. Please migrate to simplified 'void kernel_main() { }' syntax. (genfiles.cpp:187)
TT demo (n300)
Model: humain-ai/ALLaM-7B-Instruct-preview
Mesh shape: 1x1
Prompt tokens: 57 | Generated tokens: 128
TTFT: 69 ms | Decode: 16.0 t/s/u (127 tokens)

Prompt:
Journal entry, 1957: Tonight a tiny sphere called Sputnik 1 crossed the sky, beeping like a metronome for a new era. The neighbors gathered on the roof, listening and arguing about what comes next. I wrote in my notebook that

Output:
I’m not afraid. We’ll adapt as we always do. But this new device is a reminder that humanity’s presence in the cosmos is not just a hope, that our reach extends beyond Earth.

Entry #52
The U.S.S. Discovery: November 20, 2120

The first Earth-orbit space station, the U.S.S. Discovery was launched in 2000 as part of the Space Station Freedom program. It was the first human space habitat entirely outside of Earth’s atmosphere. In the decades since its launch,
2026-02-11 23:58:59.127 | info     |          Device | Closing user mode device drivers (tt_cluster.cpp:472)
2026-02-11 23:58:59.127 | info     |             UMD | Closing devices in cluster (cluster.cpp:976)

COMMAND: TTNN_ALLOW_SYSTEM_MESH_FALLBACK=1 TTNN_USE_DECODE_L1_PATH=0 TT_METAL_CACHE=/tmp/tt-metal-cache PYTHONUNBUFFERED=1 python -u demo.py models/humain-ai/ALLaM-7B-Instruct-preview/n300/optimized/model.py --max_seq_len 4096 --seed 0
/proj_sw/user_dev/moconnor/tt-metal/python_env/lib/python3.10/site-packages/transformers/utils/hub.py:111: FutureWarning: Using `TRANSFORMERS_CACHE` is deprecated and will be removed in v5 of Transformers. Use `HF_HOME` instead.
  warnings.warn(
2026-02-11 23:59:35.793 | DEBUG    | ttnn:<module>:77 - Initial ttnn.CONFIG:
Config{cache_path=/home/moconnor/.cache/ttnn,model_cache_path=/home/moconnor/.cache/ttnn/models,tmp_dir=/tmp/ttnn,enable_model_cache=false,enable_fast_runtime_mode=true,throw_exception_on_fallback=false,enable_logging=false,enable_graph_report=false,enable_detailed_buffer_report=false,enable_detailed_tensor_report=false,enable_comparison_mode=false,comparison_mode_should_raise_exception=false,comparison_mode_pcc=0.9999,root_report_path=generated/ttnn/reports,report_name=std::nullopt,std::nullopt}
Loading tokenizer: humain-ai/ALLaM-7B-Instruct-preview
Opening TT device...
2026-02-11 23:59:37.619 | info     |             UMD | Established firmware bundle version: 18.12.1 (topology_discovery.cpp:368)
2026-02-11 23:59:37.620 | info     |          Device | Opening user mode device driver (tt_cluster.cpp:223)
2026-02-11 23:59:37.625 | info     |             UMD | Established firmware bundle version: 18.12.1 (topology_discovery.cpp:368)
2026-02-11 23:59:37.658 | info     |             UMD | Established firmware bundle version: 18.12.1 (topology_discovery.cpp:368)
2026-02-11 23:59:37.658 | info     |             UMD | Harvesting masks for chip 1 tensix: 0x8 dram: 0x0 eth: 0x0 pcie: 0x0 l2cpu: 0x0 (cluster.cpp:339)
2026-02-11 23:59:37.764 | info     |             UMD | Harvesting masks for chip 0 tensix: 0x8 dram: 0x0 eth: 0x0 pcie: 0x0 l2cpu: 0x0 (cluster.cpp:339)
2026-02-11 23:59:37.780 | info     |             UMD | Opening local chip ids/PCIe ids: {0, 1}/[4, 3] and remote chip ids {} (cluster.cpp:186)
2026-02-11 23:59:37.780 | info     |             UMD | IOMMU: disabled (cluster.cpp:161)
2026-02-11 23:59:37.780 | info     |             UMD | KMD version: 2.4.1 (cluster.cpp:164)
2026-02-11 23:59:37.783 | info     |             UMD | Starting devices in cluster (cluster.cpp:965)
2026-02-11 23:59:37.786 | info     |             UMD | Mapped hugepage 0x4400000000 to NOC address 0x800000000 (silicon_sysmem_manager.cpp:207)
2026-02-11 23:59:37.791 | info     |             UMD | Mapped hugepage 0x480000000 to NOC address 0x800000000 (silicon_sysmem_manager.cpp:207)
2026-02-11 23:59:37.850 | info     |     Distributed | Using auto discovery to generate mesh graph. (metal_context.cpp:863)
2026-02-11 23:59:37.850 | info     |     Distributed | Constructing control plane using auto-discovery (no mesh graph descriptor). (metal_context.cpp:840)
2026-02-11 23:59:37.850 | info     |          Fabric | TopologyMapper mapping start (mesh=0): n_log=2, n_phys=2, log_deg_hist={1:2}, phys_deg_hist={0:2} (topology_mapper_utils.cpp:171)
2026-02-11 23:59:37.850 | info     |          Fabric | TopologyMapper mapping start (mesh=0): n_log=1, n_phys=2, log_deg_hist={0:1}, phys_deg_hist={0:2} (topology_mapper_utils.cpp:171)
2026-02-11 23:59:37.850 | warning  |          Fabric | TopologyMapper auto-discovery: Downgrading to mesh shape 1x1 (1 total nodes) for 2 physical chips. Some physical chips may not be used. This may indicate connectivity issues, topology mismatches, or insufficient fabric links between chips. Verify your physical chip connectivity and ensure that the fabric links are correctly configured. (topology_mapper.cpp:1564)
2026-02-11 23:59:37.850 | info     |          Fabric | TopologyMapper mapping start (mesh=0): n_log=1, n_phys=2, log_deg_hist={0:1}, phys_deg_hist={0:2} (topology_mapper_utils.cpp:171)
Requested mesh (1, 2) exceeds discovered system mesh (1, 1); falling back to discovered mesh because TTNN_ALLOW_SYSTEM_MESH_FALLBACK is enabled.
2026-02-11 23:59:37.858 | DEBUG    | ttnn.device:__init__:150 - Using default dispatch core type for this system: DispatchCoreType.WORKER
2026-02-11 23:59:37.858 | DEBUG    | ttnn.device:__init__:152 - Using default dispatch core axis for this system: DispatchCoreAxis.ROW
2026-02-11 23:59:37.868 | info     |    BuildKernels | Skipping deleting built cache (build.cpp:110)
2026-02-11 23:59:37.871 | info     |    BuildKernels | Skipping deleting built cache (build.cpp:110)
2026-02-11 23:59:37.920 | warning  |           Metal | Opening subset of mmio devices slows down UMD read/write to remote chips. If opening more devices, consider using CreateDevices API. (device_manager.cpp:301)
Loading HuggingFace reference model on CPU: humain-ai/ALLaM-7B-Instruct-preview
Loading checkpoint shards:   0%|          | 0/3 [00:00<?, ?it/s]Loading checkpoint shards:  33%|███▎      | 1/3 [00:00<00:01,  1.64it/s]Loading checkpoint shards:  67%|██████▋   | 2/3 [00:01<00:00,  1.70it/s]Loading checkpoint shards: 100%|██████████| 3/3 [00:01<00:00,  1.89it/s]Loading checkpoint shards: 100%|██████████| 3/3 [00:01<00:00,  1.83it/s]
Building TT model...
  Loading embeddings...
  Computing RoPE cache...
  Loading 32 layers...
Running one warmup prefill+decode pass (kernel compile warmup)...
2026-02-12 00:03:01.116 | warning  |    BuildKernels | Compute kernel 'pack_untilize_variable_num_blocks/18021495543364167813/' uses deprecated 'namespace NAMESPACE { void MAIN { } }' syntax. Please migrate to simplified 'void kernel_main() { }' syntax. (genfiles.cpp:187)
2026-02-12 00:03:01.210 | warning  |    BuildKernels | Compute kernel 'tilize/18251814608165832562/' uses deprecated 'namespace NAMESPACE { void MAIN { } }' syntax. Please migrate to simplified 'void kernel_main() { }' syntax. (genfiles.cpp:187)
2026-02-12 00:03:01.260 | warning  |    BuildKernels | Compute kernel 'layernorm/17132337866544620763/' uses deprecated 'namespace NAMESPACE { void MAIN { } }' syntax. Please migrate to simplified 'void kernel_main() { }' syntax. (genfiles.cpp:187)
2026-02-12 00:03:01.351 | warning  |    BuildKernels | Compute kernel 'bmm_large_block_zm_fused_bias_activation/9984058517180339019/' uses deprecated 'namespace NAMESPACE { void MAIN { } }' syntax. Please migrate to simplified 'void kernel_main() { }' syntax. (genfiles.cpp:187)
2026-02-12 00:03:01.451 | warning  |    BuildKernels | Compute kernel 'rotary_embedding/15977828201954068243/' uses deprecated 'namespace NAMESPACE { void MAIN { } }' syntax. Please migrate to simplified 'void kernel_main() { }' syntax. (genfiles.cpp:187)
2026-02-12 00:03:01.532 | warning  |    BuildKernels | Compute kernel 'sdpa/89646819859773288/' uses deprecated 'namespace NAMESPACE { void MAIN { } }' syntax. Please migrate to simplified 'void kernel_main() { }' syntax. (genfiles.cpp:187)
2026-02-12 00:03:01.627 | warning  |    BuildKernels | Compute kernel 'bmm_large_block_zm_fused_bias_activation/10871277992888585774/' uses deprecated 'namespace NAMESPACE { void MAIN { } }' syntax. Please migrate to simplified 'void kernel_main() { }' syntax. (genfiles.cpp:187)
2026-02-12 00:03:01.866 | warning  |    BuildKernels | Compute kernel 'bmm_large_block_zm_fused_bias_activation/14368278037435521175/' uses deprecated 'namespace NAMESPACE { void MAIN { } }' syntax. Please migrate to simplified 'void kernel_main() { }' syntax. (genfiles.cpp:187)
2026-02-12 00:03:01.935 | warning  |    BuildKernels | Compute kernel 'pack_untilize_wh/7086840538318172595/' uses deprecated 'namespace NAMESPACE { void MAIN { } }' syntax. Please migrate to simplified 'void kernel_main() { }' syntax. (genfiles.cpp:187)
2026-02-12 00:03:01.935 | warning  |    BuildKernels | Compute kernel 'pack_untilize_wh/3852363199925462906/' uses deprecated 'namespace NAMESPACE { void MAIN { } }' syntax. Please migrate to simplified 'void kernel_main() { }' syntax. (genfiles.cpp:187)
2026-02-12 00:03:01.936 | warning  |    BuildKernels | Compute kernel 'pack_untilize_wh/12783016731784767080/' uses deprecated 'namespace NAMESPACE { void MAIN { } }' syntax. Please migrate to simplified 'void kernel_main() { }' syntax. (genfiles.cpp:187)
2026-02-12 00:03:02.017 | warning  |    BuildKernels | Compute kernel 'tilize_wh/12714357955689313488/' uses deprecated 'namespace NAMESPACE { void MAIN { } }' syntax. Please migrate to simplified 'void kernel_main() { }' syntax. (genfiles.cpp:187)
2026-02-12 00:03:02.018 | warning  |    BuildKernels | Compute kernel 'tilize_wh/7242876147893395727/' uses deprecated 'namespace NAMESPACE { void MAIN { } }' syntax. Please migrate to simplified 'void kernel_main() { }' syntax. (genfiles.cpp:187)
2026-02-12 00:03:02.018 | warning  |    BuildKernels | Compute kernel 'tilize_wh/4709288304851342762/' uses deprecated 'namespace NAMESPACE { void MAIN { } }' syntax. Please migrate to simplified 'void kernel_main() { }' syntax. (genfiles.cpp:187)
2026-02-12 00:03:02.074 | warning  |    BuildKernels | Compute kernel 'bmm_large_block_zm_fused_bias_activation/4404026160441986435/' uses deprecated 'namespace NAMESPACE { void MAIN { } }' syntax. Please migrate to simplified 'void kernel_main() { }' syntax. (genfiles.cpp:187)
2026-02-12 00:03:02.219 | warning  |    BuildKernels | Compute kernel 'bmm_large_block_zm_fused_bias_activation/6155824524306476405/' uses deprecated 'namespace NAMESPACE { void MAIN { } }' syntax. Please migrate to simplified 'void kernel_main() { }' syntax. (genfiles.cpp:187)
2026-02-12 00:03:02.338 | warning  |    BuildKernels | Compute kernel 'update_cache/13768511706347252700/' uses deprecated 'namespace NAMESPACE { void MAIN { } }' syntax. Please migrate to simplified 'void kernel_main() { }' syntax. (genfiles.cpp:187)
2026-02-12 00:03:02.388 | warning  |    BuildKernels | Compute kernel 'sdpa_flash_decode/18089812707812935173/' uses deprecated 'namespace NAMESPACE { void MAIN { } }' syntax. Please migrate to simplified 'void kernel_main() { }' syntax. (genfiles.cpp:187)
2026-02-12 00:03:02.533 | warning  |    BuildKernels | Compute kernel 'bmm_large_block_zm_fused_bias_activation/7127569624077686788/' uses deprecated 'namespace NAMESPACE { void MAIN { } }' syntax. Please migrate to simplified 'void kernel_main() { }' syntax. (genfiles.cpp:187)
2026-02-12 00:03:02.708 | warning  |    BuildKernels | Compute kernel 'bmm_large_block_zm_fused_bias_activation/4391359061119251671/' uses deprecated 'namespace NAMESPACE { void MAIN { } }' syntax. Please migrate to simplified 'void kernel_main() { }' syntax. (genfiles.cpp:187)
TT demo (n300)
Model: humain-ai/ALLaM-7B-Instruct-preview
Mesh shape: 1x1
Prompt tokens: 57 | Generated tokens: 128
TTFT: 69 ms | Decode: 15.5 t/s/u (126 tokens)

Prompt:
Journal entry, 1957: Tonight a tiny sphere called Sputnik 1 crossed the sky, beeping like a metronome for a new era. The neighbors gathered on the roof, listening and arguing about what comes next. I wrote in my notebook that

Output:
I’m not afraid. We’ll adapt as we always do. But this new device is a reminder that humanity’s presence in the cosmos is not just a hope, that our reach extends beyond Earth.

Entry #52
The U.S.S. Discovery: November 20, 2120

The first Earth-orbit space station, the U.S.S. Discovery was launched in 2000 as part of the Space Station Freedom program. It was the first human space habitat entirely outside of Earth’s atmosphere. In the decades since its launch,
2026-02-12 00:03:12.833 | info     |          Device | Closing user mode device drivers (tt_cluster.cpp:472)
2026-02-12 00:03:12.833 | info     |             UMD | Closing devices in cluster (cluster.cpp:976)

COMMAND: TTNN_ALLOW_SYSTEM_MESH_FALLBACK=1 TTNN_WEIGHT_DTYPE=bf16 TT_METAL_CACHE=/tmp/tt-metal-cache PYTHONUNBUFFERED=1 python -u demo.py models/humain-ai/ALLaM-7B-Instruct-preview/n300/optimized/model.py --max_seq_len 4096 --seed 0
/proj_sw/user_dev/moconnor/tt-metal/python_env/lib/python3.10/site-packages/transformers/utils/hub.py:111: FutureWarning: Using `TRANSFORMERS_CACHE` is deprecated and will be removed in v5 of Transformers. Use `HF_HOME` instead.
  warnings.warn(
2026-02-12 00:03:48.678 | DEBUG    | ttnn:<module>:77 - Initial ttnn.CONFIG:
Config{cache_path=/home/moconnor/.cache/ttnn,model_cache_path=/home/moconnor/.cache/ttnn/models,tmp_dir=/tmp/ttnn,enable_model_cache=false,enable_fast_runtime_mode=true,throw_exception_on_fallback=false,enable_logging=false,enable_graph_report=false,enable_detailed_buffer_report=false,enable_detailed_tensor_report=false,enable_comparison_mode=false,comparison_mode_should_raise_exception=false,comparison_mode_pcc=0.9999,root_report_path=generated/ttnn/reports,report_name=std::nullopt,std::nullopt}
Loading tokenizer: humain-ai/ALLaM-7B-Instruct-preview
Opening TT device...
2026-02-12 00:03:50.400 | info     |             UMD | Established firmware bundle version: 18.12.1 (topology_discovery.cpp:368)
2026-02-12 00:03:50.401 | info     |          Device | Opening user mode device driver (tt_cluster.cpp:223)
2026-02-12 00:03:50.406 | info     |             UMD | Established firmware bundle version: 18.12.1 (topology_discovery.cpp:368)
2026-02-12 00:03:50.441 | info     |             UMD | Established firmware bundle version: 18.12.1 (topology_discovery.cpp:368)
2026-02-12 00:03:50.441 | info     |             UMD | Harvesting masks for chip 1 tensix: 0x8 dram: 0x0 eth: 0x0 pcie: 0x0 l2cpu: 0x0 (cluster.cpp:339)
2026-02-12 00:03:50.526 | info     |             UMD | Harvesting masks for chip 0 tensix: 0x8 dram: 0x0 eth: 0x0 pcie: 0x0 l2cpu: 0x0 (cluster.cpp:339)
2026-02-12 00:03:50.542 | info     |             UMD | Opening local chip ids/PCIe ids: {0, 1}/[4, 3] and remote chip ids {} (cluster.cpp:186)
2026-02-12 00:03:50.542 | info     |             UMD | IOMMU: disabled (cluster.cpp:161)
2026-02-12 00:03:50.542 | info     |             UMD | KMD version: 2.4.1 (cluster.cpp:164)
2026-02-12 00:03:50.545 | info     |             UMD | Starting devices in cluster (cluster.cpp:965)
2026-02-12 00:03:50.547 | info     |             UMD | Mapped hugepage 0x4400000000 to NOC address 0x800000000 (silicon_sysmem_manager.cpp:207)
2026-02-12 00:03:50.552 | info     |             UMD | Mapped hugepage 0x480000000 to NOC address 0x800000000 (silicon_sysmem_manager.cpp:207)
2026-02-12 00:03:50.621 | info     |     Distributed | Using auto discovery to generate mesh graph. (metal_context.cpp:863)
2026-02-12 00:03:50.621 | info     |     Distributed | Constructing control plane using auto-discovery (no mesh graph descriptor). (metal_context.cpp:840)
2026-02-12 00:03:50.622 | info     |          Fabric | TopologyMapper mapping start (mesh=0): n_log=2, n_phys=2, log_deg_hist={1:2}, phys_deg_hist={0:2} (topology_mapper_utils.cpp:171)
2026-02-12 00:03:50.622 | info     |          Fabric | TopologyMapper mapping start (mesh=0): n_log=1, n_phys=2, log_deg_hist={0:1}, phys_deg_hist={0:2} (topology_mapper_utils.cpp:171)
2026-02-12 00:03:50.622 | warning  |          Fabric | TopologyMapper auto-discovery: Downgrading to mesh shape 1x1 (1 total nodes) for 2 physical chips. Some physical chips may not be used. This may indicate connectivity issues, topology mismatches, or insufficient fabric links between chips. Verify your physical chip connectivity and ensure that the fabric links are correctly configured. (topology_mapper.cpp:1564)
2026-02-12 00:03:50.622 | info     |          Fabric | TopologyMapper mapping start (mesh=0): n_log=1, n_phys=2, log_deg_hist={0:1}, phys_deg_hist={0:2} (topology_mapper_utils.cpp:171)
Requested mesh (1, 2) exceeds discovered system mesh (1, 1); falling back to discovered mesh because TTNN_ALLOW_SYSTEM_MESH_FALLBACK is enabled.
2026-02-12 00:03:50.627 | DEBUG    | ttnn.device:__init__:150 - Using default dispatch core type for this system: DispatchCoreType.WORKER
2026-02-12 00:03:50.627 | DEBUG    | ttnn.device:__init__:152 - Using default dispatch core axis for this system: DispatchCoreAxis.ROW
2026-02-12 00:03:50.635 | info     |    BuildKernels | Skipping deleting built cache (build.cpp:110)
2026-02-12 00:03:50.638 | info     |    BuildKernels | Skipping deleting built cache (build.cpp:110)
2026-02-12 00:03:50.686 | warning  |           Metal | Opening subset of mmio devices slows down UMD read/write to remote chips. If opening more devices, consider using CreateDevices API. (device_manager.cpp:301)
Loading HuggingFace reference model on CPU: humain-ai/ALLaM-7B-Instruct-preview
Loading checkpoint shards:   0%|          | 0/3 [00:00<?, ?it/s]Loading checkpoint shards:  33%|███▎      | 1/3 [00:00<00:01,  1.48it/s]Loading checkpoint shards:  67%|██████▋   | 2/3 [00:01<00:00,  1.43it/s]Loading checkpoint shards: 100%|██████████| 3/3 [00:01<00:00,  1.54it/s]Loading checkpoint shards: 100%|██████████| 3/3 [00:01<00:00,  1.52it/s]
Building TT model...
  Loading embeddings...
  Computing RoPE cache...
  Loading 32 layers...
2026-02-12 00:04:54.148 | critical |          Always | TT_FATAL: Out of Memory: Not enough space to allocate 90177536 B DRAM buffer across 12 banks, where each bank needs to store 7516160 B, but bank size is 1061821792 B (allocated: 1060098944 B, free: 1722848 B, largest free block: 1722848 B) (assert.hpp:104)
Traceback (most recent call last):
  File "/localdev/moconnor/ttnn_models/demo.py", line 447, in <module>
    main()
  File "/localdev/moconnor/ttnn_models/demo.py", line 425, in main
    run_tt_demo(
  File "/localdev/moconnor/ttnn_models/demo.py", line 369, in run_tt_demo
    tt_model = build_tt_model(model_module, hf_model, tt_device, max_seq_len)
  File "/localdev/moconnor/ttnn_models/device_utils.py", line 40, in build_tt_model
    return module.build_model(hf_model, tt_device, max_seq_len)
  File "/localdev/moconnor/ttnn_models/models/humain-ai/ALLaM-7B-Instruct-preview/n300/optimized/model.py", line 844, in build_model
    return TtnnALLaMForCausalLM(hf_model, tt_device, max_seq_len)
  File "/localdev/moconnor/ttnn_models/models/humain-ai/ALLaM-7B-Instruct-preview/n300/optimized/model.py", line 598, in __init__
    self.layers = [
  File "/localdev/moconnor/ttnn_models/models/humain-ai/ALLaM-7B-Instruct-preview/n300/optimized/model.py", line 599, in <listcomp>
    DecoderLayer(
  File "/localdev/moconnor/ttnn_models/models/humain-ai/ALLaM-7B-Instruct-preview/n300/optimized/model.py", line 433, in __init__
    self.mlp = MLP(layer_idx, state_dict, parallel)
  File "/localdev/moconnor/ttnn_models/models/humain-ai/ALLaM-7B-Instruct-preview/n300/optimized/model.py", line 387, in __init__
    self.down_proj = self._load_weight(state_dict[f"{p}down_proj.weight"], parallel.shard_height_mapper)
  File "/localdev/moconnor/ttnn_models/models/humain-ai/ALLaM-7B-Instruct-preview/n300/optimized/model.py", line 390, in _load_weight
    return ttnn.as_tensor(
  File "/proj_sw/user_dev/moconnor/tt-metal/ttnn/ttnn/decorators.py", line 449, in __call__
    result = self.function(*function_args, **function_kwargs)
  File "/proj_sw/user_dev/moconnor/tt-metal/ttnn/ttnn/operations/core.py", line 590, in as_tensor
    return torch_to_ttnn(tensor, dtype, layout, device, memory_config, mesh_mapper)
  File "/proj_sw/user_dev/moconnor/tt-metal/ttnn/ttnn/operations/core.py", line 580, in torch_to_ttnn
    return ttnn.from_torch(
  File "/proj_sw/user_dev/moconnor/tt-metal/ttnn/ttnn/decorators.py", line 449, in __call__
    result = self.function(*function_args, **function_kwargs)
  File "/proj_sw/user_dev/moconnor/tt-metal/ttnn/ttnn/operations/core.py", line 307, in from_torch
    return ttnn.Tensor(
RuntimeError: TT_FATAL @ /proj_sw/user_dev/moconnor/tt-metal/tt_metal/impl/allocator/bank_manager.cpp:434: false
info:
Out of Memory: Not enough space to allocate 90177536 B DRAM buffer across 12 banks, where each bank needs to store 7516160 B, but bank size is 1061821792 B (allocated: 1060098944 B, free: 1722848 B, largest free block: 1722848 B)
backtrace:
 --- /proj_sw/user_dev/moconnor/tt-metal/build_Release/lib/libtt_metal.so(+0x6a99a1) [0x7f4d339ff9a1]
 --- tt::tt_metal::BankManager::allocate_buffer(unsigned long, unsigned long, bool, tt::tt_metal::CoreRangeSet const&, std::optional<unsigned int>, ttsl::StrongType<unsigned int, tt::tt_metal::AllocatorIDTag>)
 --- tt::tt_metal::AllocatorImpl::allocate_buffer(tt::tt_metal::Buffer*)
 --- tt::tt_metal::Buffer::allocate_impl()
 --- tt::tt_metal::Buffer::create(tt::tt_metal::IDevice*, unsigned long, unsigned long, tt::tt_metal::BufferType, tt::tt_metal::BufferShardingArgs const&, std::optional<bool>, std::optional<ttsl::StrongType<unsigned char, tt::tt_metal::SubDeviceIdTag> >)
 --- tt::tt_metal::distributed::MeshBuffer::create(std::variant<tt::tt_metal::distributed::ReplicatedBufferConfig, tt::tt_metal::distributed::ShardedBufferConfig> const&, tt::tt_metal::distributed::DeviceLocalBufferConfig const&, tt::tt_metal::distributed::MeshDevice*, std::optional<unsigned long>)
 --- tt::tt_metal::tensor_impl::allocate_device_buffer(tt::tt_metal::distributed::MeshDevice*, tt::tt_metal::TensorSpec const&)
 --- tt::tt_metal::tensor_impl::to_device(tt::tt_metal::Tensor const&, tt::tt_metal::distributed::MeshDevice*, ttsl::optional_reference<tt::tt_metal::MemoryConfig const>, std::optional<ttsl::StrongType<unsigned char, tt::tt_metal::QueueIdTag> >)
 --- tt::tt_metal::to_device(tt::tt_metal::Tensor const&, tt::tt_metal::distributed::MeshDevice*, ttsl::optional_reference<tt::tt_metal::MemoryConfig const>, std::optional<ttsl::StrongType<unsigned char, tt::tt_metal::QueueIdTag> >)
 --- tt::tt_metal::Tensor::to_device(tt::tt_metal::distributed::MeshDevice*, ttsl::optional_reference<tt::tt_metal::MemoryConfig const>, std::optional<ttsl::StrongType<unsigned char, tt::tt_metal::QueueIdTag> >) const
 --- /proj_sw/user_dev/moconnor/tt-metal/build_Release/lib/_ttnncpp.so(_ZN4ttnn11distributed25create_distributed_tensorI8bfloat16EEN2tt8tt_metal6TensorESt4spanIT_Lm18446744073709551615EERKNS4_5ShapeERKNS4_9MemoryPinERKNS4_12TensorLayoutERKNS0_12TensorToMeshESt8optionalISt17reference_wrapperINS4_11distributed10MeshDeviceEEESL_IN4ttsl10StrongTypeIhNS4_10QueueIdTagEEEES7_+0x65) [0x7f4d3533cae5]
 --- /proj_sw/user_dev/moconnor/tt-metal/ttnn/ttnn/_ttnn.so(+0x2df0f0) [0x7f4d367c80f0]
 --- /proj_sw/user_dev/moconnor/tt-metal/ttnn/ttnn/_ttnn.so(+0x2dd022) [0x7f4d367c6022]
 --- /proj_sw/user_dev/moconnor/tt-metal/ttnn/ttnn/_ttnn.so(+0x239045) [0x7f4d36722045]
 --- python(_PyObject_FastCallDictTstate+0x16d) [0x55cd2daf033d]
 --- python(+0x194474) [0x55cd2db04474]
 --- python(_PyObject_MakeTpCall+0x1fc) [0x55cd2daf105c]
 --- python(_PyEval_EvalFrameDefault+0x6a59) [0x55cd2daeb7a9]
 --- python(_PyFunction_Vectorcall+0x7c) [0x55cd2dafb02c]
 --- python(PyObject_Call+0x122) [0x55cd2db08da2]
 --- python(_PyEval_EvalFrameDefault+0x2a8f) [0x55cd2dae77df]
 --- python(_PyFunction_Vectorcall+0x7c) [0x55cd2dafb02c]
 --- python(_PyObject_FastCallDictTstate+0x16d) [0x55cd2daf033d]
 --- python(_PyObject_Call_Prepend+0x5c) [0x55cd2db0525c]
 --- python(+0x29cd14) [0x55cd2dc0cd14]
 --- python(_PyObject_MakeTpCall+0x25b) [0x55cd2daf10bb]
 --- python(_PyEval_EvalFrameDefault+0x6a59) [0x55cd2daeb7a9]
 --- python(_PyFunction_Vectorcall+0x7c) [0x55cd2dafb02c]
 --- python(_PyEval_EvalFrameDefault+0x6c0) [0x55cd2dae5410]
 --- python(_PyFunction_Vectorcall+0x7c) [0x55cd2dafb02c]
 --- python(PyObject_Call+0x122) [0x55cd2db08da2]
 --- python(_PyEval_EvalFrameDefault+0x2a8f) [0x55cd2dae77df]
 --- python(_PyFunction_Vectorcall+0x7c) [0x55cd2dafb02c]
 --- python(_PyObject_FastCallDictTstate+0x16d) [0x55cd2daf033d]
 --- python(_PyObject_Call_Prepend+0x5c) [0x55cd2db0525c]
 --- python(+0x29cd14) [0x55cd2dc0cd14]
 --- python(_PyObject_MakeTpCall+0x25b) [0x55cd2daf10bb]
 --- python(_PyEval_EvalFrameDefault+0x6a59) [0x55cd2daeb7a9]
 --- python(_PyFunction_Vectorcall+0x7c) [0x55cd2dafb02c]
 --- python(_PyEval_EvalFrameDefault+0x8af) [0x55cd2dae55ff]
 --- python(_PyObject_FastCallDictTstate+0xc4) [0x55cd2daf0294]
 --- python(+0x194474) [0x55cd2db04474]
 --- python(_PyObject_MakeTpCall+0x1fc) [0x55cd2daf105c]
 --- python(_PyEval_EvalFrameDefault+0x5a7f) [0x55cd2daea7cf]
 --- python(_PyObject_FastCallDictTstate+0xc4) [0x55cd2daf0294]
 --- python(+0x194515) [0x55cd2db04515]
 --- python(_PyObject_MakeTpCall+0x1fc) [0x55cd2daf105c]
 --- python(_PyEval_EvalFrameDefault+0x5a7f) [0x55cd2daea7cf]
 --- python(_PyFunction_Vectorcall+0x7c) [0x55cd2dafb02c]
 --- python(_PyEval_EvalFrameDefault+0x6c0) [0x55cd2dae5410]
 --- python(_PyObject_FastCallDictTstate+0xc4) [0x55cd2daf0294]
 --- python(+0x194474) [0x55cd2db04474]
 --- python(_PyObject_MakeTpCall+0x1fc) [0x55cd2daf105c]
 --- python(_PyEval_EvalFrameDefault+0x5a7f) [0x55cd2daea7cf]
 --- python(_PyFunction_Vectorcall+0x7c) [0x55cd2dafb02c]
 --- python(_PyEval_EvalFrameDefault+0x56ea) [0x55cd2daea43a]
 --- python(_PyFunction_Vectorcall+0x7c) [0x55cd2dafb02c]
 --- python(_PyEval_EvalFrameDefault+0x6c0) [0x55cd2dae5410]
 --- python(_PyFunction_Vectorcall+0x7c) [0x55cd2dafb02c]
 --- python(_PyEval_EvalFrameDefault+0x6c0) [0x55cd2dae5410]
 --- python(_PyFunction_Vectorcall+0x7c) [0x55cd2dafb02c]
 --- python(_PyEval_EvalFrameDefault+0x6c0) [0x55cd2dae5410]
 --- python(+0x259a86) [0x55cd2dbc9a86]
 --- python(PyEval_EvalCode+0x86) [0x55cd2dbc9956]
 --- python(+0x280678) [0x55cd2dbf0678]
 --- python(+0x27accf) [0x55cd2dbeaccf]
 --- python(+0x280415) [0x55cd2dbf0415]
 --- python(_PyRun_SimpleFileObject+0x1a8) [0x55cd2dbef958]
 --- python(_PyRun_AnyFileObject+0x47) [0x55cd2dbef637]
 --- python(Py_RunMain+0x2be) [0x55cd2dbe39be]
 --- python(Py_BytesMain+0x2d) [0x55cd2dbbd99d]
 --- /lib/x86_64-linux-gnu/libc.so.6(+0x29d90) [0x7f4ea6886d90]
 --- /lib/x86_64-linux-gnu/libc.so.6(__libc_start_main+0x80) [0x7f4ea6886e40]
 --- python(_start+0x25) [0x55cd2dbbd895]

2026-02-12 00:04:57.176 | info     |          Device | Closing user mode device drivers (tt_cluster.cpp:472)
2026-02-12 00:04:57.176 | info     |             UMD | Closing devices in cluster (cluster.cpp:976)

COMMAND: TTNN_ALLOW_SYSTEM_MESH_FALLBACK=1 TT_METAL_CACHE=/tmp/tt-metal-cache TT_METAL_DEVICE_PROFILER=1 TT_SIGNPOSTS=1 PYTHONUNBUFFERED=1 python -u demo.py models/humain-ai/ALLaM-7B-Instruct-preview/n300/optimized/model.py --max_seq_len 4096 --seed 0
/proj_sw/user_dev/moconnor/tt-metal/python_env/lib/python3.10/site-packages/transformers/utils/hub.py:111: FutureWarning: Using `TRANSFORMERS_CACHE` is deprecated and will be removed in v5 of Transformers. Use `HF_HOME` instead.
  warnings.warn(
2026-02-12 00:05:34.552 | DEBUG    | ttnn:<module>:77 - Initial ttnn.CONFIG:
Config{cache_path=/home/moconnor/.cache/ttnn,model_cache_path=/home/moconnor/.cache/ttnn/models,tmp_dir=/tmp/ttnn,enable_model_cache=false,enable_fast_runtime_mode=true,throw_exception_on_fallback=false,enable_logging=false,enable_graph_report=false,enable_detailed_buffer_report=false,enable_detailed_tensor_report=false,enable_comparison_mode=false,comparison_mode_should_raise_exception=false,comparison_mode_pcc=0.9999,root_report_path=generated/ttnn/reports,report_name=std::nullopt,std::nullopt}
Loading tokenizer: humain-ai/ALLaM-7B-Instruct-preview
Opening TT device...
2026-02-12 00:05:36.530 | info     |             UMD | Established firmware bundle version: 18.12.1 (topology_discovery.cpp:368)
2026-02-12 00:05:36.532 | info     |          Device | Opening user mode device driver (tt_cluster.cpp:223)
2026-02-12 00:05:36.537 | info     |             UMD | Established firmware bundle version: 18.12.1 (topology_discovery.cpp:368)
2026-02-12 00:05:36.572 | info     |             UMD | Established firmware bundle version: 18.12.1 (topology_discovery.cpp:368)
2026-02-12 00:05:36.572 | info     |             UMD | Harvesting masks for chip 1 tensix: 0x8 dram: 0x0 eth: 0x0 pcie: 0x0 l2cpu: 0x0 (cluster.cpp:339)
2026-02-12 00:05:36.653 | info     |             UMD | Harvesting masks for chip 0 tensix: 0x8 dram: 0x0 eth: 0x0 pcie: 0x0 l2cpu: 0x0 (cluster.cpp:339)
2026-02-12 00:05:36.669 | info     |             UMD | Opening local chip ids/PCIe ids: {0, 1}/[4, 3] and remote chip ids {} (cluster.cpp:186)
2026-02-12 00:05:36.669 | info     |             UMD | IOMMU: disabled (cluster.cpp:161)
2026-02-12 00:05:36.669 | info     |             UMD | KMD version: 2.4.1 (cluster.cpp:164)
2026-02-12 00:05:36.671 | info     |             UMD | Starting devices in cluster (cluster.cpp:965)
2026-02-12 00:05:36.675 | info     |             UMD | Mapped hugepage 0x4400000000 to NOC address 0x800000000 (silicon_sysmem_manager.cpp:207)
2026-02-12 00:05:36.679 | info     |             UMD | Mapped hugepage 0x480000000 to NOC address 0x800000000 (silicon_sysmem_manager.cpp:207)
2026-02-12 00:05:36.752 | info     |     Distributed | Using auto discovery to generate mesh graph. (metal_context.cpp:863)
2026-02-12 00:05:36.752 | info     |     Distributed | Constructing control plane using auto-discovery (no mesh graph descriptor). (metal_context.cpp:840)
2026-02-12 00:05:36.752 | info     |          Fabric | TopologyMapper mapping start (mesh=0): n_log=2, n_phys=2, log_deg_hist={1:2}, phys_deg_hist={0:2} (topology_mapper_utils.cpp:171)
2026-02-12 00:05:36.752 | info     |          Fabric | TopologyMapper mapping start (mesh=0): n_log=1, n_phys=2, log_deg_hist={0:1}, phys_deg_hist={0:2} (topology_mapper_utils.cpp:171)
2026-02-12 00:05:36.752 | warning  |          Fabric | TopologyMapper auto-discovery: Downgrading to mesh shape 1x1 (1 total nodes) for 2 physical chips. Some physical chips may not be used. This may indicate connectivity issues, topology mismatches, or insufficient fabric links between chips. Verify your physical chip connectivity and ensure that the fabric links are correctly configured. (topology_mapper.cpp:1564)
2026-02-12 00:05:36.752 | info     |          Fabric | TopologyMapper mapping start (mesh=0): n_log=1, n_phys=2, log_deg_hist={0:1}, phys_deg_hist={0:2} (topology_mapper_utils.cpp:171)
Requested mesh (1, 2) exceeds discovered system mesh (1, 1); falling back to discovered mesh because TTNN_ALLOW_SYSTEM_MESH_FALLBACK is enabled.
2026-02-12 00:05:36.758 | DEBUG    | ttnn.device:__init__:150 - Using default dispatch core type for this system: DispatchCoreType.WORKER
2026-02-12 00:05:36.759 | DEBUG    | ttnn.device:__init__:152 - Using default dispatch core axis for this system: DispatchCoreAxis.ROW
2026-02-12 00:05:36.767 | info     |    BuildKernels | Skipping deleting built cache (build.cpp:110)
2026-02-12 00:05:36.769 | info     |    BuildKernels | Skipping deleting built cache (build.cpp:110)
2026-02-12 00:05:40.600 | warning  |           Metal | Opening subset of mmio devices slows down UMD read/write to remote chips. If opening more devices, consider using CreateDevices API. (device_manager.cpp:301)
2026-02-12 00:05:40.613 | info     |           Metal | Profiler started on device 0 (device_manager.cpp:201)
Loading HuggingFace reference model on CPU: humain-ai/ALLaM-7B-Instruct-preview
Loading checkpoint shards:   0%|          | 0/3 [00:00<?, ?it/s]Loading checkpoint shards:  33%|███▎      | 1/3 [00:00<00:01,  1.48it/s]Loading checkpoint shards:  67%|██████▋   | 2/3 [00:01<00:00,  1.46it/s]Loading checkpoint shards: 100%|██████████| 3/3 [00:01<00:00,  1.60it/s]Loading checkpoint shards: 100%|██████████| 3/3 [00:01<00:00,  1.56it/s]
Building TT model...
  Loading embeddings...
  Computing RoPE cache...
  Loading 32 layers...
Running one warmup prefill+decode pass (kernel compile warmup)...
2026-02-12 00:09:07.937 | warning  |    BuildKernels | Compute kernel 'pack_untilize_variable_num_blocks/4239371979972909882/' uses deprecated 'namespace NAMESPACE { void MAIN { } }' syntax. Please migrate to simplified 'void kernel_main() { }' syntax. (genfiles.cpp:187)
2026-02-12 00:09:11.836 | warning  |    BuildKernels | Compute kernel 'tilize/9959535806345272607/' uses deprecated 'namespace NAMESPACE { void MAIN { } }' syntax. Please migrate to simplified 'void kernel_main() { }' syntax. (genfiles.cpp:187)
2026-02-12 00:09:15.610 | warning  |    BuildKernels | Compute kernel 'layernorm/6926701621961217469/' uses deprecated 'namespace NAMESPACE { void MAIN { } }' syntax. Please migrate to simplified 'void kernel_main() { }' syntax. (genfiles.cpp:187)
2026-02-12 00:09:19.720 | warning  |    BuildKernels | Compute kernel 'bmm_large_block_zm_fused_bias_activation/17669828326449221831/' uses deprecated 'namespace NAMESPACE { void MAIN { } }' syntax. Please migrate to simplified 'void kernel_main() { }' syntax. (genfiles.cpp:187)
2026-02-12 00:09:31.341 | warning  |    BuildKernels | Compute kernel 'rotary_embedding/16895870240504620124/' uses deprecated 'namespace NAMESPACE { void MAIN { } }' syntax. Please migrate to simplified 'void kernel_main() { }' syntax. (genfiles.cpp:187)
2026-02-12 00:09:38.971 | warning  |    BuildKernels | Compute kernel 'sdpa/15235881215586673744/' uses deprecated 'namespace NAMESPACE { void MAIN { } }' syntax. Please migrate to simplified 'void kernel_main() { }' syntax. (genfiles.cpp:187)
2026-02-12 00:09:46.899 | warning  |    BuildKernels | Compute kernel 'bmm_large_block_zm_fused_bias_activation/16488610605870310309/' uses deprecated 'namespace NAMESPACE { void MAIN { } }' syntax. Please migrate to simplified 'void kernel_main() { }' syntax. (genfiles.cpp:187)
2026-02-12 00:10:05.989 | warning  |    BuildKernels | Compute kernel 'bmm_large_block_zm_fused_bias_activation/15403233778285906560/' uses deprecated 'namespace NAMESPACE { void MAIN { } }' syntax. Please migrate to simplified 'void kernel_main() { }' syntax. (genfiles.cpp:187)
2026-02-12 00:10:10.110 | warning  |    BuildKernels | Compute kernel 'pack_untilize_wh/9888163806560790137/' uses deprecated 'namespace NAMESPACE { void MAIN { } }' syntax. Please migrate to simplified 'void kernel_main() { }' syntax. (genfiles.cpp:187)
2026-02-12 00:10:10.111 | warning  |    BuildKernels | Compute kernel 'pack_untilize_wh/5927660058769291340/' uses deprecated 'namespace NAMESPACE { void MAIN { } }' syntax. Please migrate to simplified 'void kernel_main() { }' syntax. (genfiles.cpp:187)
2026-02-12 00:10:10.111 | warning  |    BuildKernels | Compute kernel 'pack_untilize_wh/6207992661950071309/' uses deprecated 'namespace NAMESPACE { void MAIN { } }' syntax. Please migrate to simplified 'void kernel_main() { }' syntax. (genfiles.cpp:187)
2026-02-12 00:10:18.252 | warning  |    BuildKernels | Compute kernel 'tilize_wh/17779757607743316422/' uses deprecated 'namespace NAMESPACE { void MAIN { } }' syntax. Please migrate to simplified 'void kernel_main() { }' syntax. (genfiles.cpp:187)
2026-02-12 00:10:18.252 | warning  |    BuildKernels | Compute kernel 'tilize_wh/17142105829107403190/' uses deprecated 'namespace NAMESPACE { void MAIN { } }' syntax. Please migrate to simplified 'void kernel_main() { }' syntax. (genfiles.cpp:187)
2026-02-12 00:10:18.253 | warning  |    BuildKernels | Compute kernel 'tilize_wh/7051723095358986205/' uses deprecated 'namespace NAMESPACE { void MAIN { } }' syntax. Please migrate to simplified 'void kernel_main() { }' syntax. (genfiles.cpp:187)
2026-02-12 00:10:22.202 | warning  |    BuildKernels | Compute kernel 'bmm_large_block_zm_fused_bias_activation/11868778024320823372/' uses deprecated 'namespace NAMESPACE { void MAIN { } }' syntax. Please migrate to simplified 'void kernel_main() { }' syntax. (genfiles.cpp:187)
2026-02-12 00:10:34.173 | warning  |    BuildKernels | Compute kernel 'bmm_large_block_zm_fused_bias_activation/2431612333320906066/' uses deprecated 'namespace NAMESPACE { void MAIN { } }' syntax. Please migrate to simplified 'void kernel_main() { }' syntax. (genfiles.cpp:187)
2026-02-12 00:10:46.034 | warning  |    BuildKernels | Compute kernel 'update_cache/3230469328249030149/' uses deprecated 'namespace NAMESPACE { void MAIN { } }' syntax. Please migrate to simplified 'void kernel_main() { }' syntax. (genfiles.cpp:187)
2026-02-12 00:10:49.983 | warning  |    BuildKernels | Compute kernel 'sdpa_flash_decode/6889336578878252061/' uses deprecated 'namespace NAMESPACE { void MAIN { } }' syntax. Please migrate to simplified 'void kernel_main() { }' syntax. (genfiles.cpp:187)
2026-02-12 00:11:02.024 | warning  |    BuildKernels | Compute kernel 'bmm_large_block_zm_fused_bias_activation/9146108938454986310/' uses deprecated 'namespace NAMESPACE { void MAIN { } }' syntax. Please migrate to simplified 'void kernel_main() { }' syntax. (genfiles.cpp:187)
2026-02-12 00:11:18.367 | warning  |    BuildKernels | Compute kernel 'bmm_large_block_zm_fused_bias_activation/15586591227091402881/' uses deprecated 'namespace NAMESPACE { void MAIN { } }' syntax. Please migrate to simplified 'void kernel_main() { }' syntax. (genfiles.cpp:187)
TT demo (n300)
Model: humain-ai/ALLaM-7B-Instruct-preview
Mesh shape: 1x1
Prompt tokens: 57 | Generated tokens: 128
TTFT: 69 ms | Decode: 15.8 t/s/u (126 tokens)

Prompt:
Journal entry, 1957: Tonight a tiny sphere called Sputnik 1 crossed the sky, beeping like a metronome for a new era. The neighbors gathered on the roof, listening and arguing about what comes next. I wrote in my notebook that

Output:
I’m not afraid. We’ll adapt as we always do. But this new device is a reminder that humanity’s presence in the cosmos is not just a hope, that our reach extends beyond Earth.

Entry #52
The U.S.S. Discovery: November 20, 2120

The first Earth-orbit space station, the U.S.S. Discovery was launched in 2000 as part of the Space Station Freedom program. It was the first human space habitat entirely outside of Earth’s atmosphere. In the decades since its launch,
2026-02-12 00:11:34.452 | warning  |           Metal | Profiler DRAM buffers were full, markers were dropped! device 0, worker core 18, 18, Risc BRISC,  bufferEndIndex = 12000. Please either decrease the number of ops being profiled or run read device profiler more often (profiler.cpp:1477)
2026-02-12 00:11:34.453 | warning  |           Metal | Profiler DRAM buffers were full, markers were dropped! device 0, worker core 18, 18, Risc NCRISC,  bufferEndIndex = 12000. Please either decrease the number of ops being profiled or run read device profiler more often (profiler.cpp:1477)
2026-02-12 00:11:34.454 | warning  |           Metal | Profiler DRAM buffers were full, markers were dropped! device 0, worker core 18, 18, Risc TRISC_0,  bufferEndIndex = 12000. Please either decrease the number of ops being profiled or run read device profiler more often (profiler.cpp:1477)
2026-02-12 00:11:34.455 | warning  |           Metal | Profiler DRAM buffers were full, markers were dropped! device 0, worker core 18, 18, Risc TRISC_1,  bufferEndIndex = 12000. Please either decrease the number of ops being profiled or run read device profiler more often (profiler.cpp:1477)
2026-02-12 00:11:34.456 | warning  |           Metal | Profiler DRAM buffers were full, markers were dropped! device 0, worker core 18, 18, Risc TRISC_2,  bufferEndIndex = 12000. Please either decrease the number of ops being profiled or run read device profiler more often (profiler.cpp:1477)
2026-02-12 00:11:34.457 | warning  |           Metal | Profiler DRAM buffers were full, markers were dropped! device 0, worker core 18, 19, Risc BRISC,  bufferEndIndex = 12000. Please either decrease the number of ops being profiled or run read device profiler more often (profiler.cpp:1477)
2026-02-12 00:11:34.459 | warning  |           Metal | Profiler DRAM buffers were full, markers were dropped! device 0, worker core 18, 19, Risc NCRISC,  bufferEndIndex = 12000. Please either decrease the number of ops being profiled or run read device profiler more often (profiler.cpp:1477)
2026-02-12 00:11:34.460 | warning  |           Metal | Profiler DRAM buffers were full, markers were dropped! device 0, worker core 18, 19, Risc TRISC_0,  bufferEndIndex = 12000. Please either decrease the number of ops being profiled or run read device profiler more often (profiler.cpp:1477)
2026-02-12 00:11:34.461 | warning  |           Metal | Profiler DRAM buffers were full, markers were dropped! device 0, worker core 18, 19, Risc TRISC_1,  bufferEndIndex = 12000. Please either decrease the number of ops being profiled or run read device profiler more often (profiler.cpp:1477)
2026-02-12 00:11:34.462 | warning  |           Metal | Profiler DRAM buffers were full, markers were dropped! device 0, worker core 18, 19, Risc TRISC_2,  bufferEndIndex = 12000. Please either decrease the number of ops being profiled or run read device profiler more often (profiler.cpp:1477)
2026-02-12 00:11:34.463 | warning  |           Metal | Profiler DRAM buffers were full, markers were dropped! device 0, worker core 18, 20, Risc BRISC,  bufferEndIndex = 12000. Please either decrease the number of ops being profiled or run read device profiler more often (profiler.cpp:1477)
2026-02-12 00:11:34.464 | warning  |           Metal | Profiler DRAM buffers were full, markers were dropped! device 0, worker core 18, 20, Risc NCRISC,  bufferEndIndex = 12000. Please either decrease the number of ops being profiled or run read device profiler more often (profiler.cpp:1477)
2026-02-12 00:11:34.466 | warning  |           Metal | Profiler DRAM buffers were full, markers were dropped! device 0, worker core 18, 20, Risc TRISC_0,  bufferEndIndex = 12000. Please either decrease the number of ops being profiled or run read device profiler more often (profiler.cpp:1477)
2026-02-12 00:11:34.467 | warning  |           Metal | Profiler DRAM buffers were full, markers were dropped! device 0, worker core 18, 20, Risc TRISC_1,  bufferEndIndex = 12000. Please either decrease the number of ops being profiled or run read device profiler more often (profiler.cpp:1477)
2026-02-12 00:11:34.468 | warning  |           Metal | Profiler DRAM buffers were full, markers were dropped! device 0, worker core 18, 20, Risc TRISC_2,  bufferEndIndex = 12000. Please either decrease the number of ops being profiled or run read device profiler more often (profiler.cpp:1477)
2026-02-12 00:11:34.470 | warning  |           Metal | Profiler DRAM buffers were full, markers were dropped! device 0, worker core 18, 21, Risc BRISC,  bufferEndIndex = 12000. Please either decrease the number of ops being profiled or run read device profiler more often (profiler.cpp:1477)
2026-02-12 00:11:34.471 | warning  |           Metal | Profiler DRAM buffers were full, markers were dropped! device 0, worker core 18, 21, Risc NCRISC,  bufferEndIndex = 12000. Please either decrease the number of ops being profiled or run read device profiler more often (profiler.cpp:1477)
2026-02-12 00:11:34.473 | warning  |           Metal | Profiler DRAM buffers were full, markers were dropped! device 0, worker core 18, 21, Risc TRISC_0,  bufferEndIndex = 12000. Please either decrease the number of ops being profiled or run read device profiler more often (profiler.cpp:1477)
2026-02-12 00:11:34.474 | warning  |           Metal | Profiler DRAM buffers were full, markers were dropped! device 0, worker core 18, 21, Risc TRISC_1,  bufferEndIndex = 12000. Please either decrease the number of ops being profiled or run read device profiler more often (profiler.cpp:1477)
2026-02-12 00:11:34.476 | warning  |           Metal | Profiler DRAM buffers were full, markers were dropped! device 0, worker core 18, 21, Risc TRISC_2,  bufferEndIndex = 12000. Please either decrease the number of ops being profiled or run read device profiler more often (profiler.cpp:1477)
2026-02-12 00:11:34.477 | warning  |           Metal | Profiler DRAM buffers were full, markers were dropped! device 0, worker core 18, 22, Risc BRISC,  bufferEndIndex = 12000. Please either decrease the number of ops being profiled or run read device profiler more often (profiler.cpp:1477)
2026-02-12 00:11:34.479 | warning  |           Metal | Profiler DRAM buffers were full, markers were dropped! device 0, worker core 18, 22, Risc NCRISC,  bufferEndIndex = 12000. Please either decrease the number of ops being profiled or run read device profiler more often (profiler.cpp:1477)
2026-02-12 00:11:34.481 | warning  |           Metal | Profiler DRAM buffers were full, markers were dropped! device 0, worker core 18, 22, Risc TRISC_0,  bufferEndIndex = 12000. Please either decrease the number of ops being profiled or run read device profiler more often (profiler.cpp:1477)
2026-02-12 00:11:34.482 | warning  |           Metal | Profiler DRAM buffers were full, markers were dropped! device 0, worker core 18, 22, Risc TRISC_1,  bufferEndIndex = 12000. Please either decrease the number of ops being profiled or run read device profiler more often (profiler.cpp:1477)
2026-02-12 00:11:34.483 | warning  |           Metal | Profiler DRAM buffers were full, markers were dropped! device 0, worker core 18, 22, Risc TRISC_2,  bufferEndIndex = 12000. Please either decrease the number of ops being profiled or run read device profiler more often (profiler.cpp:1477)
2026-02-12 00:11:34.485 | warning  |           Metal | Profiler DRAM buffers were full, markers were dropped! device 0, worker core 18, 23, Risc BRISC,  bufferEndIndex = 12000. Please either decrease the number of ops being profiled or run read device profiler more often (profiler.cpp:1477)
2026-02-12 00:11:34.486 | warning  |           Metal | Profiler DRAM buffers were full, markers were dropped! device 0, worker core 18, 23, Risc NCRISC,  bufferEndIndex = 12000. Please either decrease the number of ops being profiled or run read device profiler more often (profiler.cpp:1477)
2026-02-12 00:11:34.488 | warning  |           Metal | Profiler DRAM buffers were full, markers were dropped! device 0, worker core 18, 23, Risc TRISC_0,  bufferEndIndex = 12000. Please either decrease the number of ops being profiled or run read device profiler more often (profiler.cpp:1477)
2026-02-12 00:11:34.489 | warning  |           Metal | Profiler DRAM buffers were full, markers were dropped! device 0, worker core 18, 23, Risc TRISC_1,  bufferEndIndex = 12000. Please either decrease the number of ops being profiled or run read device profiler more often (profiler.cpp:1477)
2026-02-12 00:11:34.490 | warning  |           Metal | Profiler DRAM buffers were full, markers were dropped! device 0, worker core 18, 23, Risc TRISC_2,  bufferEndIndex = 12000. Please either decrease the number of ops being profiled or run read device profiler more often (profiler.cpp:1477)
2026-02-12 00:11:34.492 | warning  |           Metal | Profiler DRAM buffers were full, markers were dropped! device 0, worker core 18, 24, Risc BRISC,  bufferEndIndex = 12000. Please either decrease the number of ops being profiled or run read device profiler more often (profiler.cpp:1477)
2026-02-12 00:11:34.493 | warning  |           Metal | Profiler DRAM buffers were full, markers were dropped! device 0, worker core 18, 24, Risc NCRISC,  bufferEndIndex = 12000. Please either decrease the number of ops being profiled or run read device profiler more often (profiler.cpp:1477)
2026-02-12 00:11:34.495 | warning  |           Metal | Profiler DRAM buffers were full, markers were dropped! device 0, worker core 18, 24, Risc TRISC_0,  bufferEndIndex = 12000. Please either decrease the number of ops being profiled or run read device profiler more often (profiler.cpp:1477)
2026-02-12 00:11:34.496 | warning  |           Metal | Profiler DRAM buffers were full, markers were dropped! device 0, worker core 18, 24, Risc TRISC_1,  bufferEndIndex = 12000. Please either decrease the number of ops being profiled or run read device profiler more often (profiler.cpp:1477)
2026-02-12 00:11:34.498 | warning  |           Metal | Profiler DRAM buffers were full, markers were dropped! device 0, worker core 18, 24, Risc TRISC_2,  bufferEndIndex = 12000. Please either decrease the number of ops being profiled or run read device profiler more often (profiler.cpp:1477)
2026-02-12 00:11:34.499 | warning  |           Metal | Profiler DRAM buffers were full, markers were dropped! device 0, worker core 18, 25, Risc BRISC,  bufferEndIndex = 12000. Please either decrease the number of ops being profiled or run read device profiler more often (profiler.cpp:1477)
2026-02-12 00:11:34.501 | warning  |           Metal | Profiler DRAM buffers were full, markers were dropped! device 0, worker core 18, 25, Risc NCRISC,  bufferEndIndex = 12000. Please either decrease the number of ops being profiled or run read device profiler more often (profiler.cpp:1477)
2026-02-12 00:11:34.502 | warning  |           Metal | Profiler DRAM buffers were full, markers were dropped! device 0, worker core 18, 25, Risc TRISC_0,  bufferEndIndex = 12000. Please either decrease the number of ops being profiled or run read device profiler more often (profiler.cpp:1477)
2026-02-12 00:11:34.503 | warning  |           Metal | Profiler DRAM buffers were full, markers were dropped! device 0, worker core 18, 25, Risc TRISC_1,  bufferEndIndex = 12000. Please either decrease the number of ops being profiled or run read device profiler more often (profiler.cpp:1477)
2026-02-12 00:11:34.505 | warning  |           Metal | Profiler DRAM buffers were full, markers were dropped! device 0, worker core 18, 25, Risc TRISC_2,  bufferEndIndex = 12000. Please either decrease the number of ops being profiled or run read device profiler more often (profiler.cpp:1477)
2026-02-12 00:11:34.506 | warning  |           Metal | Profiler DRAM buffers were full, markers were dropped! device 0, worker core 19, 18, Risc BRISC,  bufferEndIndex = 12000. Please either decrease the number of ops being profiled or run read device profiler more often (profiler.cpp:1477)
2026-02-12 00:11:34.508 | warning  |           Metal | Profiler DRAM buffers were full, markers were dropped! device 0, worker core 19, 18, Risc NCRISC,  bufferEndIndex = 12000. Please either decrease the number of ops being profiled or run read device profiler more often (profiler.cpp:1477)
2026-02-12 00:11:34.509 | warning  |           Metal | Profiler DRAM buffers were full, markers were dropped! device 0, worker core 19, 18, Risc TRISC_0,  bufferEndIndex = 12000. Please either decrease the number of ops being profiled or run read device profiler more often (profiler.cpp:1477)
2026-02-12 00:11:34.511 | warning  |           Metal | Profiler DRAM buffers were full, markers were dropped! device 0, worker core 19, 18, Risc TRISC_1,  bufferEndIndex = 12000. Please either decrease the number of ops being profiled or run read device profiler more often (profiler.cpp:1477)
2026-02-12 00:11:34.512 | warning  |           Metal | Profiler DRAM buffers were full, markers were dropped! device 0, worker core 19, 18, Risc TRISC_2,  bufferEndIndex = 12000. Please either decrease the number of ops being profiled or run read device profiler more often (profiler.cpp:1477)
2026-02-12 00:11:34.514 | warning  |           Metal | Profiler DRAM buffers were full, markers were dropped! device 0, worker core 19, 19, Risc BRISC,  bufferEndIndex = 12000. Please either decrease the number of ops being profiled or run read device profiler more often (profiler.cpp:1477)
2026-02-12 00:11:34.515 | warning  |           Metal | Profiler DRAM buffers were full, markers were dropped! device 0, worker core 19, 19, Risc NCRISC,  bufferEndIndex = 12000. Please either decrease the number of ops being profiled or run read device profiler more often (profiler.cpp:1477)
2026-02-12 00:11:34.517 | warning  |           Metal | Profiler DRAM buffers were full, markers were dropped! device 0, worker core 19, 19, Risc TRISC_0,  bufferEndIndex = 12000. Please either decrease the number of ops being profiled or run read device profiler more often (profiler.cpp:1477)
2026-02-12 00:11:34.518 | warning  |           Metal | Profiler DRAM buffers were full, markers were dropped! device 0, worker core 19, 19, Risc TRISC_1,  bufferEndIndex = 12000. Please either decrease the number of ops being profiled or run read device profiler more often (profiler.cpp:1477)
2026-02-12 00:11:34.519 | warning  |           Metal | Profiler DRAM buffers were full, markers were dropped! device 0, worker core 19, 19, Risc TRISC_2,  bufferEndIndex = 12000. Please either decrease the number of ops being profiled or run read device profiler more often (profiler.cpp:1477)
2026-02-12 00:11:34.521 | warning  |           Metal | Profiler DRAM buffers were full, markers were dropped! device 0, worker core 19, 20, Risc BRISC,  bufferEndIndex = 12000. Please either decrease the number of ops being profiled or run read device profiler more often (profiler.cpp:1477)
2026-02-12 00:11:34.522 | warning  |           Metal | Profiler DRAM buffers were full, markers were dropped! device 0, worker core 19, 20, Risc NCRISC,  bufferEndIndex = 12000. Please either decrease the number of ops being profiled or run read device profiler more often (profiler.cpp:1477)
2026-02-12 00:11:34.524 | warning  |           Metal | Profiler DRAM buffers were full, markers were dropped! device 0, worker core 19, 20, Risc TRISC_0,  bufferEndIndex = 12000. Please either decrease the number of ops being profiled or run read device profiler more often (profiler.cpp:1477)
2026-02-12 00:11:34.525 | warning  |           Metal | Profiler DRAM buffers were full, markers were dropped! device 0, worker core 19, 20, Risc TRISC_1,  bufferEndIndex = 12000. Please either decrease the number of ops being profiled or run read device profiler more often (profiler.cpp:1477)
2026-02-12 00:11:34.527 | warning  |           Metal | Profiler DRAM buffers were full, markers were dropped! device 0, worker core 19, 20, Risc TRISC_2,  bufferEndIndex = 12000. Please either decrease the number of ops being profiled or run read device profiler more often (profiler.cpp:1477)
2026-02-12 00:11:34.528 | warning  |           Metal | Profiler DRAM buffers were full, markers were dropped! device 0, worker core 19, 21, Risc BRISC,  bufferEndIndex = 12000. Please either decrease the number of ops being profiled or run read device profiler more often (profiler.cpp:1477)
2026-02-12 00:11:34.529 | warning  |           Metal | Profiler DRAM buffers were full, markers were dropped! device 0, worker core 19, 21, Risc NCRISC,  bufferEndIndex = 12000. Please either decrease the number of ops being profiled or run read device profiler more often (profiler.cpp:1477)
2026-02-12 00:11:34.531 | warning  |           Metal | Profiler DRAM buffers were full, markers were dropped! device 0, worker core 19, 21, Risc TRISC_0,  bufferEndIndex = 12000. Please either decrease the number of ops being profiled or run read device profiler more often (profiler.cpp:1477)
2026-02-12 00:11:34.532 | warning  |           Metal | Profiler DRAM buffers were full, markers were dropped! device 0, worker core 19, 21, Risc TRISC_1,  bufferEndIndex = 12000. Please either decrease the number of ops being profiled or run read device profiler more often (profiler.cpp:1477)
2026-02-12 00:11:34.534 | warning  |           Metal | Profiler DRAM buffers were full, markers were dropped! device 0, worker core 19, 21, Risc TRISC_2,  bufferEndIndex = 12000. Please either decrease the number of ops being profiled or run read device profiler more often (profiler.cpp:1477)
2026-02-12 00:11:34.535 | warning  |           Metal | Profiler DRAM buffers were full, markers were dropped! device 0, worker core 19, 22, Risc BRISC,  bufferEndIndex = 12000. Please either decrease the number of ops being profiled or run read device profiler more often (profiler.cpp:1477)
2026-02-12 00:11:34.537 | warning  |           Metal | Profiler DRAM buffers were full, markers were dropped! device 0, worker core 19, 22, Risc NCRISC,  bufferEndIndex = 12000. Please either decrease the number of ops being profiled or run read device profiler more often (profiler.cpp:1477)
2026-02-12 00:11:34.538 | warning  |           Metal | Profiler DRAM buffers were full, markers were dropped! device 0, worker core 19, 22, Risc TRISC_0,  bufferEndIndex = 12000. Please either decrease the number of ops being profiled or run read device profiler more often (profiler.cpp:1477)
2026-02-12 00:11:34.540 | warning  |           Metal | Profiler DRAM buffers were full, markers were dropped! device 0, worker core 19, 22, Risc TRISC_1,  bufferEndIndex = 12000. Please either decrease the number of ops being profiled or run read device profiler more often (profiler.cpp:1477)
2026-02-12 00:11:34.541 | warning  |           Metal | Profiler DRAM buffers were full, markers were dropped! device 0, worker core 19, 22, Risc TRISC_2,  bufferEndIndex = 12000. Please either decrease the number of ops being profiled or run read device profiler more often (profiler.cpp:1477)
2026-02-12 00:11:34.542 | warning  |           Metal | Profiler DRAM buffers were full, markers were dropped! device 0, worker core 19, 23, Risc BRISC,  bufferEndIndex = 12000. Please either decrease the number of ops being profiled or run read device profiler more often (profiler.cpp:1477)
2026-02-12 00:11:34.544 | warning  |           Metal | Profiler DRAM buffers were full, markers were dropped! device 0, worker core 19, 23, Risc NCRISC,  bufferEndIndex = 12000. Please either decrease the number of ops being profiled or run read device profiler more often (profiler.cpp:1477)
2026-02-12 00:11:34.545 | warning  |           Metal | Profiler DRAM buffers were full, markers were dropped! device 0, worker core 19, 23, Risc TRISC_0,  bufferEndIndex = 12000. Please either decrease the number of ops being profiled or run read device profiler more often (profiler.cpp:1477)
2026-02-12 00:11:34.547 | warning  |           Metal | Profiler DRAM buffers were full, markers were dropped! device 0, worker core 19, 23, Risc TRISC_1,  bufferEndIndex = 12000. Please either decrease the number of ops being profiled or run read device profiler more often (profiler.cpp:1477)
2026-02-12 00:11:34.548 | warning  |           Metal | Profiler DRAM buffers were full, markers were dropped! device 0, worker core 19, 23, Risc TRISC_2,  bufferEndIndex = 12000. Please either decrease the number of ops being profiled or run read device profiler more often (profiler.cpp:1477)
2026-02-12 00:11:34.549 | warning  |           Metal | Profiler DRAM buffers were full, markers were dropped! device 0, worker core 19, 24, Risc BRISC,  bufferEndIndex = 12000. Please either decrease the number of ops being profiled or run read device profiler more often (profiler.cpp:1477)
2026-02-12 00:11:34.551 | warning  |           Metal | Profiler DRAM buffers were full, markers were dropped! device 0, worker core 19, 24, Risc NCRISC,  bufferEndIndex = 12000. Please either decrease the number of ops being profiled or run read device profiler more often (profiler.cpp:1477)
2026-02-12 00:11:34.553 | warning  |           Metal | Profiler DRAM buffers were full, markers were dropped! device 0, worker core 19, 24, Risc TRISC_0,  bufferEndIndex = 12000. Please either decrease the number of ops being profiled or run read device profiler more often (profiler.cpp:1477)
2026-02-12 00:11:34.554 | warning  |           Metal | Profiler DRAM buffers were full, markers were dropped! device 0, worker core 19, 24, Risc TRISC_1,  bufferEndIndex = 12000. Please either decrease the number of ops being profiled or run read device profiler more often (profiler.cpp:1477)
2026-02-12 00:11:34.555 | warning  |           Metal | Profiler DRAM buffers were full, markers were dropped! device 0, worker core 19, 24, Risc TRISC_2,  bufferEndIndex = 12000. Please either decrease the number of ops being profiled or run read device profiler more often (profiler.cpp:1477)
2026-02-12 00:11:34.557 | warning  |           Metal | Profiler DRAM buffers were full, markers were dropped! device 0, worker core 19, 25, Risc BRISC,  bufferEndIndex = 12000. Please either decrease the number of ops being profiled or run read device profiler more often (profiler.cpp:1477)
2026-02-12 00:11:34.558 | warning  |           Metal | Profiler DRAM buffers were full, markers were dropped! device 0, worker core 19, 25, Risc NCRISC,  bufferEndIndex = 12000. Please either decrease the number of ops being profiled or run read device profiler more often (profiler.cpp:1477)
2026-02-12 00:11:34.560 | warning  |           Metal | Profiler DRAM buffers were full, markers were dropped! device 0, worker core 19, 25, Risc TRISC_0,  bufferEndIndex = 12000. Please either decrease the number of ops being profiled or run read device profiler more often (profiler.cpp:1477)
2026-02-12 00:11:34.561 | warning  |           Metal | Profiler DRAM buffers were full, markers were dropped! device 0, worker core 19, 25, Risc TRISC_1,  bufferEndIndex = 12000. Please either decrease the number of ops being profiled or run read device profiler more often (profiler.cpp:1477)
2026-02-12 00:11:34.562 | warning  |           Metal | Profiler DRAM buffers were full, markers were dropped! device 0, worker core 19, 25, Risc TRISC_2,  bufferEndIndex = 12000. Please either decrease the number of ops being profiled or run read device profiler more often (profiler.cpp:1477)
2026-02-12 00:11:34.564 | warning  |           Metal | Profiler DRAM buffers were full, markers were dropped! device 0, worker core 20, 18, Risc BRISC,  bufferEndIndex = 12000. Please either decrease the number of ops being profiled or run read device profiler more often (profiler.cpp:1477)
2026-02-12 00:11:34.565 | warning  |           Metal | Profiler DRAM buffers were full, markers were dropped! device 0, worker core 20, 18, Risc NCRISC,  bufferEndIndex = 12000. Please either decrease the number of ops being profiled or run read device profiler more often (profiler.cpp:1477)
2026-02-12 00:11:34.567 | warning  |           Metal | Profiler DRAM buffers were full, markers were dropped! device 0, worker core 20, 18, Risc TRISC_0,  bufferEndIndex = 12000. Please either decrease the number of ops being profiled or run read device profiler more often (profiler.cpp:1477)
2026-02-12 00:11:34.568 | warning  |           Metal | Profiler DRAM buffers were full, markers were dropped! device 0, worker core 20, 18, Risc TRISC_1,  bufferEndIndex = 12000. Please either decrease the number of ops being profiled or run read device profiler more often (profiler.cpp:1477)
2026-02-12 00:11:34.570 | warning  |           Metal | Profiler DRAM buffers were full, markers were dropped! device 0, worker core 20, 18, Risc TRISC_2,  bufferEndIndex = 12000. Please either decrease the number of ops being profiled or run read device profiler more often (profiler.cpp:1477)
2026-02-12 00:11:34.571 | warning  |           Metal | Profiler DRAM buffers were full, markers were dropped! device 0, worker core 20, 19, Risc BRISC,  bufferEndIndex = 12000. Please either decrease the number of ops being profiled or run read device profiler more often (profiler.cpp:1477)
2026-02-12 00:11:34.573 | warning  |           Metal | Profiler DRAM buffers were full, markers were dropped! device 0, worker core 20, 19, Risc NCRISC,  bufferEndIndex = 12000. Please either decrease the number of ops being profiled or run read device profiler more often (profiler.cpp:1477)
2026-02-12 00:11:34.574 | warning  |           Metal | Profiler DRAM buffers were full, markers were dropped! device 0, worker core 20, 19, Risc TRISC_0,  bufferEndIndex = 12000. Please either decrease the number of ops being profiled or run read device profiler more often (profiler.cpp:1477)
2026-02-12 00:11:34.576 | warning  |           Metal | Profiler DRAM buffers were full, markers were dropped! device 0, worker core 20, 19, Risc TRISC_1,  bufferEndIndex = 12000. Please either decrease the number of ops being profiled or run read device profiler more often (profiler.cpp:1477)
2026-02-12 00:11:34.577 | warning  |           Metal | Profiler DRAM buffers were full, markers were dropped! device 0, worker core 20, 19, Risc TRISC_2,  bufferEndIndex = 12000. Please either decrease the number of ops being profiled or run read device profiler more often (profiler.cpp:1477)
2026-02-12 00:11:34.578 | warning  |           Metal | Profiler DRAM buffers were full, markers were dropped! device 0, worker core 20, 20, Risc BRISC,  bufferEndIndex = 12000. Please either decrease the number of ops being profiled or run read device profiler more often (profiler.cpp:1477)
2026-02-12 00:11:34.580 | warning  |           Metal | Profiler DRAM buffers were full, markers were dropped! device 0, worker core 20, 20, Risc NCRISC,  bufferEndIndex = 12000. Please either decrease the number of ops being profiled or run read device profiler more often (profiler.cpp:1477)
2026-02-12 00:11:34.581 | warning  |           Metal | Profiler DRAM buffers were full, markers were dropped! device 0, worker core 20, 20, Risc TRISC_0,  bufferEndIndex = 12000. Please either decrease the number of ops being profiled or run read device profiler more often (profiler.cpp:1477)
2026-02-12 00:11:34.583 | warning  |           Metal | Profiler DRAM buffers were full, markers were dropped! device 0, worker core 20, 20, Risc TRISC_1,  bufferEndIndex = 12000. Please either decrease the number of ops being profiled or run read device profiler more often (profiler.cpp:1477)
2026-02-12 00:11:34.584 | warning  |           Metal | Profiler DRAM buffers were full, markers were dropped! device 0, worker core 20, 20, Risc TRISC_2,  bufferEndIndex = 12000. Please either decrease the number of ops being profiled or run read device profiler more often (profiler.cpp:1477)
2026-02-12 00:11:34.585 | warning  |           Metal | Profiler DRAM buffers were full, markers were dropped! device 0, worker core 20, 21, Risc BRISC,  bufferEndIndex = 12000. Please either decrease the number of ops being profiled or run read device profiler more often (profiler.cpp:1477)
2026-02-12 00:11:34.587 | warning  |           Metal | Profiler DRAM buffers were full, markers were dropped! device 0, worker core 20, 21, Risc NCRISC,  bufferEndIndex = 12000. Please either decrease the number of ops being profiled or run read device profiler more often (profiler.cpp:1477)
2026-02-12 00:11:34.589 | warning  |           Metal | Profiler DRAM buffers were full, markers were dropped! device 0, worker core 20, 21, Risc TRISC_0,  bufferEndIndex = 12000. Please either decrease the number of ops being profiled or run read device profiler more often (profiler.cpp:1477)
2026-02-12 00:11:34.590 | warning  |           Metal | Profiler DRAM buffers were full, markers were dropped! device 0, worker core 20, 21, Risc TRISC_1,  bufferEndIndex = 12000. Please either decrease the number of ops being profiled or run read device profiler more often (profiler.cpp:1477)
2026-02-12 00:11:34.591 | warning  |           Metal | Profiler DRAM buffers were full, markers were dropped! device 0, worker core 20, 21, Risc TRISC_2,  bufferEndIndex = 12000. Please either decrease the number of ops being profiled or run read device profiler more often (profiler.cpp:1477)
2026-02-12 00:11:34.593 | warning  |           Metal | Profiler DRAM buffers were full, markers were dropped! device 0, worker core 20, 22, Risc BRISC,  bufferEndIndex = 12000. Please either decrease the number of ops being profiled or run read device profiler more often (profiler.cpp:1477)
2026-02-12 00:11:34.594 | warning  |           Metal | Profiler DRAM buffers were full, markers were dropped! device 0, worker core 20, 22, Risc NCRISC,  bufferEndIndex = 12000. Please either decrease the number of ops being profiled or run read device profiler more often (profiler.cpp:1477)
2026-02-12 00:11:34.596 | warning  |           Metal | Profiler DRAM buffers were full, markers were dropped! device 0, worker core 20, 22, Risc TRISC_0,  bufferEndIndex = 12000. Please either decrease the number of ops being profiled or run read device profiler more often (profiler.cpp:1477)
2026-02-12 00:11:34.597 | warning  |           Metal | Profiler DRAM buffers were full, markers were dropped! device 0, worker core 20, 22, Risc TRISC_1,  bufferEndIndex = 12000. Please either decrease the number of ops being profiled or run read device profiler more often (profiler.cpp:1477)
2026-02-12 00:11:34.598 | warning  |           Metal | Profiler DRAM buffers were full, markers were dropped! device 0, worker core 20, 22, Risc TRISC_2,  bufferEndIndex = 12000. Please either decrease the number of ops being profiled or run read device profiler more often (profiler.cpp:1477)
2026-02-12 00:11:34.600 | warning  |           Metal | Profiler DRAM buffers were full, markers were dropped! device 0, worker core 20, 23, Risc BRISC,  bufferEndIndex = 12000. Please either decrease the number of ops being profiled or run read device profiler more often (profiler.cpp:1477)
2026-02-12 00:11:34.601 | warning  |           Metal | Profiler DRAM buffers were full, markers were dropped! device 0, worker core 20, 23, Risc NCRISC,  bufferEndIndex = 12000. Please either decrease the number of ops being profiled or run read device profiler more often (profiler.cpp:1477)
2026-02-12 00:11:34.603 | warning  |           Metal | Profiler DRAM buffers were full, markers were dropped! device 0, worker core 20, 23, Risc TRISC_0,  bufferEndIndex = 12000. Please either decrease the number of ops being profiled or run read device profiler more often (profiler.cpp:1477)
2026-02-12 00:11:34.604 | warning  |           Metal | Profiler DRAM buffers were full, markers were dropped! device 0, worker core 20, 23, Risc TRISC_1,  bufferEndIndex = 12000. Please either decrease the number of ops being profiled or run read device profiler more often (profiler.cpp:1477)
2026-02-12 00:11:34.606 | warning  |           Metal | Profiler DRAM buffers were full, markers were dropped! device 0, worker core 20, 23, Risc TRISC_2,  bufferEndIndex = 12000. Please either decrease the number of ops being profiled or run read device profiler more often (profiler.cpp:1477)
2026-02-12 00:11:34.607 | warning  |           Metal | Profiler DRAM buffers were full, markers were dropped! device 0, worker core 20, 24, Risc BRISC,  bufferEndIndex = 12000. Please either decrease the number of ops being profiled or run read device profiler more often (profiler.cpp:1477)
2026-02-12 00:11:34.609 | warning  |           Metal | Profiler DRAM buffers were full, markers were dropped! device 0, worker core 20, 24, Risc NCRISC,  bufferEndIndex = 12000. Please either decrease the number of ops being profiled or run read device profiler more often (profiler.cpp:1477)
2026-02-12 00:11:34.610 | warning  |           Metal | Profiler DRAM buffers were full, markers were dropped! device 0, worker core 20, 24, Risc TRISC_0,  bufferEndIndex = 12000. Please either decrease the number of ops being profiled or run read device profiler more often (profiler.cpp:1477)
2026-02-12 00:11:34.612 | warning  |           Metal | Profiler DRAM buffers were full, markers were dropped! device 0, worker core 20, 24, Risc TRISC_1,  bufferEndIndex = 12000. Please either decrease the number of ops being profiled or run read device profiler more often (profiler.cpp:1477)
2026-02-12 00:11:34.613 | warning  |           Metal | Profiler DRAM buffers were full, markers were dropped! device 0, worker core 20, 24, Risc TRISC_2,  bufferEndIndex = 12000. Please either decrease the number of ops being profiled or run read device profiler more often (profiler.cpp:1477)
2026-02-12 00:11:34.614 | warning  |           Metal | Profiler DRAM buffers were full, markers were dropped! device 0, worker core 20, 25, Risc BRISC,  bufferEndIndex = 12000. Please either decrease the number of ops being profiled or run read device profiler more often (profiler.cpp:1477)
2026-02-12 00:11:34.616 | warning  |           Metal | Profiler DRAM buffers were full, markers were dropped! device 0, worker core 20, 25, Risc NCRISC,  bufferEndIndex = 12000. Please either decrease the number of ops being profiled or run read device profiler more often (profiler.cpp:1477)
2026-02-12 00:11:34.617 | warning  |           Metal | Profiler DRAM buffers were full, markers were dropped! device 0, worker core 20, 25, Risc TRISC_0,  bufferEndIndex = 12000. Please either decrease the number of ops being profiled or run read device profiler more often (profiler.cpp:1477)
2026-02-12 00:11:34.619 | warning  |           Metal | Profiler DRAM buffers were full, markers were dropped! device 0, worker core 20, 25, Risc TRISC_1,  bufferEndIndex = 12000. Please either decrease the number of ops being profiled or run read device profiler more often (profiler.cpp:1477)
2026-02-12 00:11:34.620 | warning  |           Metal | Profiler DRAM buffers were full, markers were dropped! device 0, worker core 20, 25, Risc TRISC_2,  bufferEndIndex = 12000. Please either decrease the number of ops being profiled or run read device profiler more often (profiler.cpp:1477)
2026-02-12 00:11:34.621 | warning  |           Metal | Profiler DRAM buffers were full, markers were dropped! device 0, worker core 21, 18, Risc BRISC,  bufferEndIndex = 12000. Please either decrease the number of ops being profiled or run read device profiler more often (profiler.cpp:1477)
2026-02-12 00:11:34.623 | warning  |           Metal | Profiler DRAM buffers were full, markers were dropped! device 0, worker core 21, 18, Risc NCRISC,  bufferEndIndex = 12000. Please either decrease the number of ops being profiled or run read device profiler more often (profiler.cpp:1477)
2026-02-12 00:11:34.624 | warning  |           Metal | Profiler DRAM buffers were full, markers were dropped! device 0, worker core 21, 18, Risc TRISC_0,  bufferEndIndex = 12000. Please either decrease the number of ops being profiled or run read device profiler more often (profiler.cpp:1477)
2026-02-12 00:11:34.626 | warning  |           Metal | Profiler DRAM buffers were full, markers were dropped! device 0, worker core 21, 18, Risc TRISC_1,  bufferEndIndex = 12000. Please either decrease the number of ops being profiled or run read device profiler more often (profiler.cpp:1477)
2026-02-12 00:11:34.627 | warning  |           Metal | Profiler DRAM buffers were full, markers were dropped! device 0, worker core 21, 18, Risc TRISC_2,  bufferEndIndex = 12000. Please either decrease the number of ops being profiled or run read device profiler more often (profiler.cpp:1477)
2026-02-12 00:11:34.628 | warning  |           Metal | Profiler DRAM buffers were full, markers were dropped! device 0, worker core 21, 19, Risc BRISC,  bufferEndIndex = 12000. Please either decrease the number of ops being profiled or run read device profiler more often (profiler.cpp:1477)
2026-02-12 00:11:34.630 | warning  |           Metal | Profiler DRAM buffers were full, markers were dropped! device 0, worker core 21, 19, Risc NCRISC,  bufferEndIndex = 12000. Please either decrease the number of ops being profiled or run read device profiler more often (profiler.cpp:1477)
2026-02-12 00:11:34.631 | warning  |           Metal | Profiler DRAM buffers were full, markers were dropped! device 0, worker core 21, 19, Risc TRISC_0,  bufferEndIndex = 12000. Please either decrease the number of ops being profiled or run read device profiler more often (profiler.cpp:1477)
2026-02-12 00:11:34.633 | warning  |           Metal | Profiler DRAM buffers were full, markers were dropped! device 0, worker core 21, 19, Risc TRISC_1,  bufferEndIndex = 12000. Please either decrease the number of ops being profiled or run read device profiler more often (profiler.cpp:1477)
2026-02-12 00:11:34.634 | warning  |           Metal | Profiler DRAM buffers were full, markers were dropped! device 0, worker core 21, 19, Risc TRISC_2,  bufferEndIndex = 12000. Please either decrease the number of ops being profiled or run read device profiler more often (profiler.cpp:1477)
2026-02-12 00:11:34.635 | warning  |           Metal | Profiler DRAM buffers were full, markers were dropped! device 0, worker core 21, 20, Risc BRISC,  bufferEndIndex = 12000. Please either decrease the number of ops being profiled or run read device profiler more often (profiler.cpp:1477)
2026-02-12 00:11:34.637 | warning  |           Metal | Profiler DRAM buffers were full, markers were dropped! device 0, worker core 21, 20, Risc NCRISC,  bufferEndIndex = 12000. Please either decrease the number of ops being profiled or run read device profiler more often (profiler.cpp:1477)
2026-02-12 00:11:34.639 | warning  |           Metal | Profiler DRAM buffers were full, markers were dropped! device 0, worker core 21, 20, Risc TRISC_0,  bufferEndIndex = 12000. Please either decrease the number of ops being profiled or run read device profiler more often (profiler.cpp:1477)
2026-02-12 00:11:34.640 | warning  |           Metal | Profiler DRAM buffers were full, markers were dropped! device 0, worker core 21, 20, Risc TRISC_1,  bufferEndIndex = 12000. Please either decrease the number of ops being profiled or run read device profiler more often (profiler.cpp:1477)
2026-02-12 00:11:34.641 | warning  |           Metal | Profiler DRAM buffers were full, markers were dropped! device 0, worker core 21, 20, Risc TRISC_2,  bufferEndIndex = 12000. Please either decrease the number of ops being profiled or run read device profiler more often (profiler.cpp:1477)
2026-02-12 00:11:34.643 | warning  |           Metal | Profiler DRAM buffers were full, markers were dropped! device 0, worker core 21, 21, Risc BRISC,  bufferEndIndex = 12000. Please either decrease the number of ops being profiled or run read device profiler more often (profiler.cpp:1477)
2026-02-12 00:11:34.644 | warning  |           Metal | Profiler DRAM buffers were full, markers were dropped! device 0, worker core 21, 21, Risc NCRISC,  bufferEndIndex = 12000. Please either decrease the number of ops being profiled or run read device profiler more often (profiler.cpp:1477)
2026-02-12 00:11:34.646 | warning  |           Metal | Profiler DRAM buffers were full, markers were dropped! device 0, worker core 21, 21, Risc TRISC_0,  bufferEndIndex = 12000. Please either decrease the number of ops being profiled or run read device profiler more often (profiler.cpp:1477)
2026-02-12 00:11:34.647 | warning  |           Metal | Profiler DRAM buffers were full, markers were dropped! device 0, worker core 21, 21, Risc TRISC_1,  bufferEndIndex = 12000. Please either decrease the number of ops being profiled or run read device profiler more often (profiler.cpp:1477)
2026-02-12 00:11:34.648 | warning  |           Metal | Profiler DRAM buffers were full, markers were dropped! device 0, worker core 21, 21, Risc TRISC_2,  bufferEndIndex = 12000. Please either decrease the number of ops being profiled or run read device profiler more often (profiler.cpp:1477)
2026-02-12 00:11:34.650 | warning  |           Metal | Profiler DRAM buffers were full, markers were dropped! device 0, worker core 21, 22, Risc BRISC,  bufferEndIndex = 12000. Please either decrease the number of ops being profiled or run read device profiler more often (profiler.cpp:1477)
2026-02-12 00:11:34.651 | warning  |           Metal | Profiler DRAM buffers were full, markers were dropped! device 0, worker core 21, 22, Risc NCRISC,  bufferEndIndex = 12000. Please either decrease the number of ops being profiled or run read device profiler more often (profiler.cpp:1477)
2026-02-12 00:11:34.653 | warning  |           Metal | Profiler DRAM buffers were full, markers were dropped! device 0, worker core 21, 22, Risc TRISC_0,  bufferEndIndex = 12000. Please either decrease the number of ops being profiled or run read device profiler more often (profiler.cpp:1477)
2026-02-12 00:11:34.654 | warning  |           Metal | Profiler DRAM buffers were full, markers were dropped! device 0, worker core 21, 22, Risc TRISC_1,  bufferEndIndex = 12000. Please either decrease the number of ops being profiled or run read device profiler more often (profiler.cpp:1477)
2026-02-12 00:11:34.655 | warning  |           Metal | Profiler DRAM buffers were full, markers were dropped! device 0, worker core 21, 22, Risc TRISC_2,  bufferEndIndex = 12000. Please either decrease the number of ops being profiled or run read device profiler more often (profiler.cpp:1477)
2026-02-12 00:11:34.657 | warning  |           Metal | Profiler DRAM buffers were full, markers were dropped! device 0, worker core 21, 23, Risc BRISC,  bufferEndIndex = 12000. Please either decrease the number of ops being profiled or run read device profiler more often (profiler.cpp:1477)
2026-02-12 00:11:34.658 | warning  |           Metal | Profiler DRAM buffers were full, markers were dropped! device 0, worker core 21, 23, Risc NCRISC,  bufferEndIndex = 12000. Please either decrease the number of ops being profiled or run read device profiler more often (profiler.cpp:1477)
2026-02-12 00:11:34.660 | warning  |           Metal | Profiler DRAM buffers were full, markers were dropped! device 0, worker core 21, 23, Risc TRISC_0,  bufferEndIndex = 12000. Please either decrease the number of ops being profiled or run read device profiler more often (profiler.cpp:1477)
2026-02-12 00:11:34.661 | warning  |           Metal | Profiler DRAM buffers were full, markers were dropped! device 0, worker core 21, 23, Risc TRISC_1,  bufferEndIndex = 12000. Please either decrease the number of ops being profiled or run read device profiler more often (profiler.cpp:1477)
2026-02-12 00:11:34.663 | warning  |           Metal | Profiler DRAM buffers were full, markers were dropped! device 0, worker core 21, 23, Risc TRISC_2,  bufferEndIndex = 12000. Please either decrease the number of ops being profiled or run read device profiler more often (profiler.cpp:1477)
2026-02-12 00:11:34.664 | warning  |           Metal | Profiler DRAM buffers were full, markers were dropped! device 0, worker core 21, 24, Risc BRISC,  bufferEndIndex = 12000. Please either decrease the number of ops being profiled or run read device profiler more often (profiler.cpp:1477)
2026-02-12 00:11:34.666 | warning  |           Metal | Profiler DRAM buffers were full, markers were dropped! device 0, worker core 21, 24, Risc NCRISC,  bufferEndIndex = 12000. Please either decrease the number of ops being profiled or run read device profiler more often (profiler.cpp:1477)
2026-02-12 00:11:34.667 | warning  |           Metal | Profiler DRAM buffers were full, markers were dropped! device 0, worker core 21, 24, Risc TRISC_0,  bufferEndIndex = 12000. Please either decrease the number of ops being profiled or run read device profiler more often (profiler.cpp:1477)
2026-02-12 00:11:34.668 | warning  |           Metal | Profiler DRAM buffers were full, markers were dropped! device 0, worker core 21, 24, Risc TRISC_1,  bufferEndIndex = 12000. Please either decrease the number of ops being profiled or run read device profiler more often (profiler.cpp:1477)
2026-02-12 00:11:34.670 | warning  |           Metal | Profiler DRAM buffers were full, markers were dropped! device 0, worker core 21, 24, Risc TRISC_2,  bufferEndIndex = 12000. Please either decrease the number of ops being profiled or run read device profiler more often (profiler.cpp:1477)
2026-02-12 00:11:34.671 | warning  |           Metal | Profiler DRAM buffers were full, markers were dropped! device 0, worker core 21, 25, Risc BRISC,  bufferEndIndex = 12000. Please either decrease the number of ops being profiled or run read device profiler more often (profiler.cpp:1477)
2026-02-12 00:11:34.673 | warning  |           Metal | Profiler DRAM buffers were full, markers were dropped! device 0, worker core 21, 25, Risc NCRISC,  bufferEndIndex = 12000. Please either decrease the number of ops being profiled or run read device profiler more often (profiler.cpp:1477)
2026-02-12 00:11:34.674 | warning  |           Metal | Profiler DRAM buffers were full, markers were dropped! device 0, worker core 21, 25, Risc TRISC_0,  bufferEndIndex = 12000. Please either decrease the number of ops being profiled or run read device profiler more often (profiler.cpp:1477)
2026-02-12 00:11:34.676 | warning  |           Metal | Profiler DRAM buffers were full, markers were dropped! device 0, worker core 21, 25, Risc TRISC_1,  bufferEndIndex = 12000. Please either decrease the number of ops being profiled or run read device profiler more often (profiler.cpp:1477)
2026-02-12 00:11:34.677 | warning  |           Metal | Profiler DRAM buffers were full, markers were dropped! device 0, worker core 21, 25, Risc TRISC_2,  bufferEndIndex = 12000. Please either decrease the number of ops being profiled or run read device profiler more often (profiler.cpp:1477)
2026-02-12 00:11:34.678 | warning  |           Metal | Profiler DRAM buffers were full, markers were dropped! device 0, worker core 22, 18, Risc BRISC,  bufferEndIndex = 12000. Please either decrease the number of ops being profiled or run read device profiler more often (profiler.cpp:1477)
2026-02-12 00:11:34.680 | warning  |           Metal | Profiler DRAM buffers were full, markers were dropped! device 0, worker core 22, 18, Risc NCRISC,  bufferEndIndex = 12000. Please either decrease the number of ops being profiled or run read device profiler more often (profiler.cpp:1477)
2026-02-12 00:11:34.681 | warning  |           Metal | Profiler DRAM buffers were full, markers were dropped! device 0, worker core 22, 18, Risc TRISC_0,  bufferEndIndex = 12000. Please either decrease the number of ops being profiled or run read device profiler more often (profiler.cpp:1477)
2026-02-12 00:11:34.683 | warning  |           Metal | Profiler DRAM buffers were full, markers were dropped! device 0, worker core 22, 18, Risc TRISC_1,  bufferEndIndex = 12000. Please either decrease the number of ops being profiled or run read device profiler more often (profiler.cpp:1477)
2026-02-12 00:11:34.684 | warning  |           Metal | Profiler DRAM buffers were full, markers were dropped! device 0, worker core 22, 18, Risc TRISC_2,  bufferEndIndex = 12000. Please either decrease the number of ops being profiled or run read device profiler more often (profiler.cpp:1477)
2026-02-12 00:11:34.685 | warning  |           Metal | Profiler DRAM buffers were full, markers were dropped! device 0, worker core 22, 19, Risc BRISC,  bufferEndIndex = 12000. Please either decrease the number of ops being profiled or run read device profiler more often (profiler.cpp:1477)
2026-02-12 00:11:34.687 | warning  |           Metal | Profiler DRAM buffers were full, markers were dropped! device 0, worker core 22, 19, Risc NCRISC,  bufferEndIndex = 12000. Please either decrease the number of ops being profiled or run read device profiler more often (profiler.cpp:1477)
2026-02-12 00:11:34.688 | warning  |           Metal | Profiler DRAM buffers were full, markers were dropped! device 0, worker core 22, 19, Risc TRISC_0,  bufferEndIndex = 12000. Please either decrease the number of ops being profiled or run read device profiler more often (profiler.cpp:1477)
2026-02-12 00:11:34.690 | warning  |           Metal | Profiler DRAM buffers were full, markers were dropped! device 0, worker core 22, 19, Risc TRISC_1,  bufferEndIndex = 12000. Please either decrease the number of ops being profiled or run read device profiler more often (profiler.cpp:1477)
2026-02-12 00:11:34.691 | warning  |           Metal | Profiler DRAM buffers were full, markers were dropped! device 0, worker core 22, 19, Risc TRISC_2,  bufferEndIndex = 12000. Please either decrease the number of ops being profiled or run read device profiler more often (profiler.cpp:1477)
2026-02-12 00:11:34.693 | warning  |           Metal | Profiler DRAM buffers were full, markers were dropped! device 0, worker core 22, 20, Risc BRISC,  bufferEndIndex = 12000. Please either decrease the number of ops being profiled or run read device profiler more often (profiler.cpp:1477)
2026-02-12 00:11:34.694 | warning  |           Metal | Profiler DRAM buffers were full, markers were dropped! device 0, worker core 22, 20, Risc NCRISC,  bufferEndIndex = 12000. Please either decrease the number of ops being profiled or run read device profiler more often (profiler.cpp:1477)
2026-02-12 00:11:34.696 | warning  |           Metal | Profiler DRAM buffers were full, markers were dropped! device 0, worker core 22, 20, Risc TRISC_0,  bufferEndIndex = 12000. Please either decrease the number of ops being profiled or run read device profiler more often (profiler.cpp:1477)
2026-02-12 00:11:34.697 | warning  |           Metal | Profiler DRAM buffers were full, markers were dropped! device 0, worker core 22, 20, Risc TRISC_1,  bufferEndIndex = 12000. Please either decrease the number of ops being profiled or run read device profiler more often (profiler.cpp:1477)
2026-02-12 00:11:34.698 | warning  |           Metal | Profiler DRAM buffers were full, markers were dropped! device 0, worker core 22, 20, Risc TRISC_2,  bufferEndIndex = 12000. Please either decrease the number of ops being profiled or run read device profiler more often (profiler.cpp:1477)
2026-02-12 00:11:34.700 | warning  |           Metal | Profiler DRAM buffers were full, markers were dropped! device 0, worker core 22, 21, Risc BRISC,  bufferEndIndex = 12000. Please either decrease the number of ops being profiled or run read device profiler more often (profiler.cpp:1477)
2026-02-12 00:11:34.701 | warning  |           Metal | Profiler DRAM buffers were full, markers were dropped! device 0, worker core 22, 21, Risc NCRISC,  bufferEndIndex = 12000. Please either decrease the number of ops being profiled or run read device profiler more often (profiler.cpp:1477)
2026-02-12 00:11:34.703 | warning  |           Metal | Profiler DRAM buffers were full, markers were dropped! device 0, worker core 22, 21, Risc TRISC_0,  bufferEndIndex = 12000. Please either decrease the number of ops being profiled or run read device profiler more often (profiler.cpp:1477)
2026-02-12 00:11:34.704 | warning  |           Metal | Profiler DRAM buffers were full, markers were dropped! device 0, worker core 22, 21, Risc TRISC_1,  bufferEndIndex = 12000. Please either decrease the number of ops being profiled or run read device profiler more often (profiler.cpp:1477)
2026-02-12 00:11:34.705 | warning  |           Metal | Profiler DRAM buffers were full, markers were dropped! device 0, worker core 22, 21, Risc TRISC_2,  bufferEndIndex = 12000. Please either decrease the number of ops being profiled or run read device profiler more often (profiler.cpp:1477)
2026-02-12 00:11:34.707 | warning  |           Metal | Profiler DRAM buffers were full, markers were dropped! device 0, worker core 22, 22, Risc BRISC,  bufferEndIndex = 12000. Please either decrease the number of ops being profiled or run read device profiler more often (profiler.cpp:1477)
2026-02-12 00:11:34.708 | warning  |           Metal | Profiler DRAM buffers were full, markers were dropped! device 0, worker core 22, 22, Risc NCRISC,  bufferEndIndex = 12000. Please either decrease the number of ops being profiled or run read device profiler more often (profiler.cpp:1477)
2026-02-12 00:11:34.710 | warning  |           Metal | Profiler DRAM buffers were full, markers were dropped! device 0, worker core 22, 22, Risc TRISC_0,  bufferEndIndex = 12000. Please either decrease the number of ops being profiled or run read device profiler more often (profiler.cpp:1477)
2026-02-12 00:11:34.711 | warning  |           Metal | Profiler DRAM buffers were full, markers were dropped! device 0, worker core 22, 22, Risc TRISC_1,  bufferEndIndex = 12000. Please either decrease the number of ops being profiled or run read device profiler more often (profiler.cpp:1477)
2026-02-12 00:11:34.713 | warning  |           Metal | Profiler DRAM buffers were full, markers were dropped! device 0, worker core 22, 22, Risc TRISC_2,  bufferEndIndex = 12000. Please either decrease the number of ops being profiled or run read device profiler more often (profiler.cpp:1477)
2026-02-12 00:11:34.714 | warning  |           Metal | Profiler DRAM buffers were full, markers were dropped! device 0, worker core 22, 23, Risc BRISC,  bufferEndIndex = 12000. Please either decrease the number of ops being profiled or run read device profiler more often (profiler.cpp:1477)
2026-02-12 00:11:34.715 | warning  |           Metal | Profiler DRAM buffers were full, markers were dropped! device 0, worker core 22, 23, Risc NCRISC,  bufferEndIndex = 12000. Please either decrease the number of ops being profiled or run read device profiler more often (profiler.cpp:1477)
2026-02-12 00:11:34.717 | warning  |           Metal | Profiler DRAM buffers were full, markers were dropped! device 0, worker core 22, 23, Risc TRISC_0,  bufferEndIndex = 12000. Please either decrease the number of ops being profiled or run read device profiler more often (profiler.cpp:1477)
2026-02-12 00:11:34.718 | warning  |           Metal | Profiler DRAM buffers were full, markers were dropped! device 0, worker core 22, 23, Risc TRISC_1,  bufferEndIndex = 12000. Please either decrease the number of ops being profiled or run read device profiler more often (profiler.cpp:1477)
2026-02-12 00:11:34.720 | warning  |           Metal | Profiler DRAM buffers were full, markers were dropped! device 0, worker core 22, 23, Risc TRISC_2,  bufferEndIndex = 12000. Please either decrease the number of ops being profiled or run read device profiler more often (profiler.cpp:1477)
2026-02-12 00:11:34.721 | warning  |           Metal | Profiler DRAM buffers were full, markers were dropped! device 0, worker core 22, 24, Risc BRISC,  bufferEndIndex = 12000. Please either decrease the number of ops being profiled or run read device profiler more often (profiler.cpp:1477)
2026-02-12 00:11:34.723 | warning  |           Metal | Profiler DRAM buffers were full, markers were dropped! device 0, worker core 22, 24, Risc NCRISC,  bufferEndIndex = 12000. Please either decrease the number of ops being profiled or run read device profiler more often (profiler.cpp:1477)
2026-02-12 00:11:34.724 | warning  |           Metal | Profiler DRAM buffers were full, markers were dropped! device 0, worker core 22, 24, Risc TRISC_0,  bufferEndIndex = 12000. Please either decrease the number of ops being profiled or run read device profiler more often (profiler.cpp:1477)
2026-02-12 00:11:34.726 | warning  |           Metal | Profiler DRAM buffers were full, markers were dropped! device 0, worker core 22, 24, Risc TRISC_1,  bufferEndIndex = 12000. Please either decrease the number of ops being profiled or run read device profiler more often (profiler.cpp:1477)
2026-02-12 00:11:34.727 | warning  |           Metal | Profiler DRAM buffers were full, markers were dropped! device 0, worker core 22, 24, Risc TRISC_2,  bufferEndIndex = 12000. Please either decrease the number of ops being profiled or run read device profiler more often (profiler.cpp:1477)
2026-02-12 00:11:34.728 | warning  |           Metal | Profiler DRAM buffers were full, markers were dropped! device 0, worker core 22, 25, Risc BRISC,  bufferEndIndex = 12000. Please either decrease the number of ops being profiled or run read device profiler more often (profiler.cpp:1477)
2026-02-12 00:11:34.730 | warning  |           Metal | Profiler DRAM buffers were full, markers were dropped! device 0, worker core 22, 25, Risc NCRISC,  bufferEndIndex = 12000. Please either decrease the number of ops being profiled or run read device profiler more often (profiler.cpp:1477)
2026-02-12 00:11:34.731 | warning  |           Metal | Profiler DRAM buffers were full, markers were dropped! device 0, worker core 22, 25, Risc TRISC_0,  bufferEndIndex = 12000. Please either decrease the number of ops being profiled or run read device profiler more often (profiler.cpp:1477)
2026-02-12 00:11:34.733 | warning  |           Metal | Profiler DRAM buffers were full, markers were dropped! device 0, worker core 22, 25, Risc TRISC_1,  bufferEndIndex = 12000. Please either decrease the number of ops being profiled or run read device profiler more often (profiler.cpp:1477)
2026-02-12 00:11:34.734 | warning  |           Metal | Profiler DRAM buffers were full, markers were dropped! device 0, worker core 22, 25, Risc TRISC_2,  bufferEndIndex = 12000. Please either decrease the number of ops being profiled or run read device profiler more often (profiler.cpp:1477)
2026-02-12 00:11:34.735 | warning  |           Metal | Profiler DRAM buffers were full, markers were dropped! device 0, worker core 23, 18, Risc BRISC,  bufferEndIndex = 12000. Please either decrease the number of ops being profiled or run read device profiler more often (profiler.cpp:1477)
2026-02-12 00:11:34.737 | warning  |           Metal | Profiler DRAM buffers were full, markers were dropped! device 0, worker core 23, 18, Risc NCRISC,  bufferEndIndex = 12000. Please either decrease the number of ops being profiled or run read device profiler more often (profiler.cpp:1477)
2026-02-12 00:11:34.739 | warning  |           Metal | Profiler DRAM buffers were full, markers were dropped! device 0, worker core 23, 18, Risc TRISC_0,  bufferEndIndex = 12000. Please either decrease the number of ops being profiled or run read device profiler more often (profiler.cpp:1477)
2026-02-12 00:11:34.740 | warning  |           Metal | Profiler DRAM buffers were full, markers were dropped! device 0, worker core 23, 18, Risc TRISC_1,  bufferEndIndex = 12000. Please either decrease the number of ops being profiled or run read device profiler more often (profiler.cpp:1477)
2026-02-12 00:11:34.741 | warning  |           Metal | Profiler DRAM buffers were full, markers were dropped! device 0, worker core 23, 18, Risc TRISC_2,  bufferEndIndex = 12000. Please either decrease the number of ops being profiled or run read device profiler more often (profiler.cpp:1477)
2026-02-12 00:11:34.742 | warning  |           Metal | Profiler DRAM buffers were full, markers were dropped! device 0, worker core 23, 19, Risc BRISC,  bufferEndIndex = 12000. Please either decrease the number of ops being profiled or run read device profiler more often (profiler.cpp:1477)
2026-02-12 00:11:34.744 | warning  |           Metal | Profiler DRAM buffers were full, markers were dropped! device 0, worker core 23, 19, Risc NCRISC,  bufferEndIndex = 12000. Please either decrease the number of ops being profiled or run read device profiler more often (profiler.cpp:1477)
2026-02-12 00:11:34.746 | warning  |           Metal | Profiler DRAM buffers were full, markers were dropped! device 0, worker core 23, 19, Risc TRISC_0,  bufferEndIndex = 12000. Please either decrease the number of ops being profiled or run read device profiler more often (profiler.cpp:1477)
2026-02-12 00:11:34.747 | warning  |           Metal | Profiler DRAM buffers were full, markers were dropped! device 0, worker core 23, 19, Risc TRISC_1,  bufferEndIndex = 12000. Please either decrease the number of ops being profiled or run read device profiler more often (profiler.cpp:1477)
2026-02-12 00:11:34.748 | warning  |           Metal | Profiler DRAM buffers were full, markers were dropped! device 0, worker core 23, 19, Risc TRISC_2,  bufferEndIndex = 12000. Please either decrease the number of ops being profiled or run read device profiler more often (profiler.cpp:1477)
2026-02-12 00:11:34.750 | warning  |           Metal | Profiler DRAM buffers were full, markers were dropped! device 0, worker core 23, 20, Risc BRISC,  bufferEndIndex = 12000. Please either decrease the number of ops being profiled or run read device profiler more often (profiler.cpp:1477)
2026-02-12 00:11:34.751 | warning  |           Metal | Profiler DRAM buffers were full, markers were dropped! device 0, worker core 23, 20, Risc NCRISC,  bufferEndIndex = 12000. Please either decrease the number of ops being profiled or run read device profiler more often (profiler.cpp:1477)
2026-02-12 00:11:34.753 | warning  |           Metal | Profiler DRAM buffers were full, markers were dropped! device 0, worker core 23, 20, Risc TRISC_0,  bufferEndIndex = 12000. Please either decrease the number of ops being profiled or run read device profiler more often (profiler.cpp:1477)
2026-02-12 00:11:34.754 | warning  |           Metal | Profiler DRAM buffers were full, markers were dropped! device 0, worker core 23, 20, Risc TRISC_1,  bufferEndIndex = 12000. Please either decrease the number of ops being profiled or run read device profiler more often (profiler.cpp:1477)
2026-02-12 00:11:34.755 | warning  |           Metal | Profiler DRAM buffers were full, markers were dropped! device 0, worker core 23, 20, Risc TRISC_2,  bufferEndIndex = 12000. Please either decrease the number of ops being profiled or run read device profiler more often (profiler.cpp:1477)
2026-02-12 00:11:34.757 | warning  |           Metal | Profiler DRAM buffers were full, markers were dropped! device 0, worker core 23, 21, Risc BRISC,  bufferEndIndex = 12000. Please either decrease the number of ops being profiled or run read device profiler more often (profiler.cpp:1477)
2026-02-12 00:11:34.758 | warning  |           Metal | Profiler DRAM buffers were full, markers were dropped! device 0, worker core 23, 21, Risc NCRISC,  bufferEndIndex = 12000. Please either decrease the number of ops being profiled or run read device profiler more often (profiler.cpp:1477)
2026-02-12 00:11:34.760 | warning  |           Metal | Profiler DRAM buffers were full, markers were dropped! device 0, worker core 23, 21, Risc TRISC_0,  bufferEndIndex = 12000. Please either decrease the number of ops being profiled or run read device profiler more often (profiler.cpp:1477)
2026-02-12 00:11:34.761 | warning  |           Metal | Profiler DRAM buffers were full, markers were dropped! device 0, worker core 23, 21, Risc TRISC_1,  bufferEndIndex = 12000. Please either decrease the number of ops being profiled or run read device profiler more often (profiler.cpp:1477)
2026-02-12 00:11:34.762 | warning  |           Metal | Profiler DRAM buffers were full, markers were dropped! device 0, worker core 23, 21, Risc TRISC_2,  bufferEndIndex = 12000. Please either decrease the number of ops being profiled or run read device profiler more often (profiler.cpp:1477)
2026-02-12 00:11:34.764 | warning  |           Metal | Profiler DRAM buffers were full, markers were dropped! device 0, worker core 23, 22, Risc BRISC,  bufferEndIndex = 12000. Please either decrease the number of ops being profiled or run read device profiler more often (profiler.cpp:1477)
2026-02-12 00:11:34.765 | warning  |           Metal | Profiler DRAM buffers were full, markers were dropped! device 0, worker core 23, 22, Risc NCRISC,  bufferEndIndex = 12000. Please either decrease the number of ops being profiled or run read device profiler more often (profiler.cpp:1477)
2026-02-12 00:11:34.767 | warning  |           Metal | Profiler DRAM buffers were full, markers were dropped! device 0, worker core 23, 22, Risc TRISC_0,  bufferEndIndex = 12000. Please either decrease the number of ops being profiled or run read device profiler more often (profiler.cpp:1477)
2026-02-12 00:11:34.768 | warning  |           Metal | Profiler DRAM buffers were full, markers were dropped! device 0, worker core 23, 22, Risc TRISC_1,  bufferEndIndex = 12000. Please either decrease the number of ops being profiled or run read device profiler more often (profiler.cpp:1477)
2026-02-12 00:11:34.770 | warning  |           Metal | Profiler DRAM buffers were full, markers were dropped! device 0, worker core 23, 22, Risc TRISC_2,  bufferEndIndex = 12000. Please either decrease the number of ops being profiled or run read device profiler more often (profiler.cpp:1477)
2026-02-12 00:11:34.771 | warning  |           Metal | Profiler DRAM buffers were full, markers were dropped! device 0, worker core 23, 23, Risc BRISC,  bufferEndIndex = 12000. Please either decrease the number of ops being profiled or run read device profiler more often (profiler.cpp:1477)
2026-02-12 00:11:34.772 | warning  |           Metal | Profiler DRAM buffers were full, markers were dropped! device 0, worker core 23, 23, Risc NCRISC,  bufferEndIndex = 12000. Please either decrease the number of ops being profiled or run read device profiler more often (profiler.cpp:1477)
2026-02-12 00:11:34.774 | warning  |           Metal | Profiler DRAM buffers were full, markers were dropped! device 0, worker core 23, 23, Risc TRISC_0,  bufferEndIndex = 12000. Please either decrease the number of ops being profiled or run read device profiler more often (profiler.cpp:1477)
2026-02-12 00:11:34.775 | warning  |           Metal | Profiler DRAM buffers were full, markers were dropped! device 0, worker core 23, 23, Risc TRISC_1,  bufferEndIndex = 12000. Please either decrease the number of ops being profiled or run read device profiler more often (profiler.cpp:1477)
2026-02-12 00:11:34.777 | warning  |           Metal | Profiler DRAM buffers were full, markers were dropped! device 0, worker core 23, 23, Risc TRISC_2,  bufferEndIndex = 12000. Please either decrease the number of ops being profiled or run read device profiler more often (profiler.cpp:1477)
2026-02-12 00:11:34.778 | warning  |           Metal | Profiler DRAM buffers were full, markers were dropped! device 0, worker core 23, 24, Risc BRISC,  bufferEndIndex = 12000. Please either decrease the number of ops being profiled or run read device profiler more often (profiler.cpp:1477)
2026-02-12 00:11:34.780 | warning  |           Metal | Profiler DRAM buffers were full, markers were dropped! device 0, worker core 23, 24, Risc NCRISC,  bufferEndIndex = 12000. Please either decrease the number of ops being profiled or run read device profiler more often (profiler.cpp:1477)
2026-02-12 00:11:34.781 | warning  |           Metal | Profiler DRAM buffers were full, markers were dropped! device 0, worker core 23, 24, Risc TRISC_0,  bufferEndIndex = 12000. Please either decrease the number of ops being profiled or run read device profiler more often (profiler.cpp:1477)
2026-02-12 00:11:34.782 | warning  |           Metal | Profiler DRAM buffers were full, markers were dropped! device 0, worker core 23, 24, Risc TRISC_1,  bufferEndIndex = 12000. Please either decrease the number of ops being profiled or run read device profiler more often (profiler.cpp:1477)
2026-02-12 00:11:34.784 | warning  |           Metal | Profiler DRAM buffers were full, markers were dropped! device 0, worker core 23, 24, Risc TRISC_2,  bufferEndIndex = 12000. Please either decrease the number of ops being profiled or run read device profiler more often (profiler.cpp:1477)
2026-02-12 00:11:34.785 | warning  |           Metal | Profiler DRAM buffers were full, markers were dropped! device 0, worker core 23, 25, Risc BRISC,  bufferEndIndex = 12000. Please either decrease the number of ops being profiled or run read device profiler more often (profiler.cpp:1477)
2026-02-12 00:11:34.787 | warning  |           Metal | Profiler DRAM buffers were full, markers were dropped! device 0, worker core 23, 25, Risc NCRISC,  bufferEndIndex = 12000. Please either decrease the number of ops being profiled or run read device profiler more often (profiler.cpp:1477)
2026-02-12 00:11:34.788 | warning  |           Metal | Profiler DRAM buffers were full, markers were dropped! device 0, worker core 23, 25, Risc TRISC_0,  bufferEndIndex = 12000. Please either decrease the number of ops being profiled or run read device profiler more often (profiler.cpp:1477)
2026-02-12 00:11:34.790 | warning  |           Metal | Profiler DRAM buffers were full, markers were dropped! device 0, worker core 23, 25, Risc TRISC_1,  bufferEndIndex = 12000. Please either decrease the number of ops being profiled or run read device profiler more often (profiler.cpp:1477)
2026-02-12 00:11:34.791 | warning  |           Metal | Profiler DRAM buffers were full, markers were dropped! device 0, worker core 23, 25, Risc TRISC_2,  bufferEndIndex = 12000. Please either decrease the number of ops being profiled or run read device profiler more often (profiler.cpp:1477)
2026-02-12 00:11:34.792 | warning  |           Metal | Profiler DRAM buffers were full, markers were dropped! device 0, worker core 24, 18, Risc BRISC,  bufferEndIndex = 12000. Please either decrease the number of ops being profiled or run read device profiler more often (profiler.cpp:1477)
2026-02-12 00:11:34.794 | warning  |           Metal | Profiler DRAM buffers were full, markers were dropped! device 0, worker core 24, 18, Risc NCRISC,  bufferEndIndex = 12000. Please either decrease the number of ops being profiled or run read device profiler more often (profiler.cpp:1477)
2026-02-12 00:11:34.795 | warning  |           Metal | Profiler DRAM buffers were full, markers were dropped! device 0, worker core 24, 18, Risc TRISC_0,  bufferEndIndex = 12000. Please either decrease the number of ops being profiled or run read device profiler more often (profiler.cpp:1477)
2026-02-12 00:11:34.797 | warning  |           Metal | Profiler DRAM buffers were full, markers were dropped! device 0, worker core 24, 18, Risc TRISC_1,  bufferEndIndex = 12000. Please either decrease the number of ops being profiled or run read device profiler more often (profiler.cpp:1477)
2026-02-12 00:11:34.798 | warning  |           Metal | Profiler DRAM buffers were full, markers were dropped! device 0, worker core 24, 18, Risc TRISC_2,  bufferEndIndex = 12000. Please either decrease the number of ops being profiled or run read device profiler more often (profiler.cpp:1477)
2026-02-12 00:11:34.799 | warning  |           Metal | Profiler DRAM buffers were full, markers were dropped! device 0, worker core 24, 19, Risc BRISC,  bufferEndIndex = 12000. Please either decrease the number of ops being profiled or run read device profiler more often (profiler.cpp:1477)
2026-02-12 00:11:34.801 | warning  |           Metal | Profiler DRAM buffers were full, markers were dropped! device 0, worker core 24, 19, Risc NCRISC,  bufferEndIndex = 12000. Please either decrease the number of ops being profiled or run read device profiler more often (profiler.cpp:1477)
2026-02-12 00:11:34.802 | warning  |           Metal | Profiler DRAM buffers were full, markers were dropped! device 0, worker core 24, 19, Risc TRISC_0,  bufferEndIndex = 12000. Please either decrease the number of ops being profiled or run read device profiler more often (profiler.cpp:1477)
2026-02-12 00:11:34.804 | warning  |           Metal | Profiler DRAM buffers were full, markers were dropped! device 0, worker core 24, 19, Risc TRISC_1,  bufferEndIndex = 12000. Please either decrease the number of ops being profiled or run read device profiler more often (profiler.cpp:1477)
2026-02-12 00:11:34.805 | warning  |           Metal | Profiler DRAM buffers were full, markers were dropped! device 0, worker core 24, 19, Risc TRISC_2,  bufferEndIndex = 12000. Please either decrease the number of ops being profiled or run read device profiler more often (profiler.cpp:1477)
2026-02-12 00:11:34.806 | warning  |           Metal | Profiler DRAM buffers were full, markers were dropped! device 0, worker core 24, 20, Risc BRISC,  bufferEndIndex = 12000. Please either decrease the number of ops being profiled or run read device profiler more often (profiler.cpp:1477)
2026-02-12 00:11:34.808 | warning  |           Metal | Profiler DRAM buffers were full, markers were dropped! device 0, worker core 24, 20, Risc NCRISC,  bufferEndIndex = 12000. Please either decrease the number of ops being profiled or run read device profiler more often (profiler.cpp:1477)
2026-02-12 00:11:34.809 | warning  |           Metal | Profiler DRAM buffers were full, markers were dropped! device 0, worker core 24, 20, Risc TRISC_0,  bufferEndIndex = 12000. Please either decrease the number of ops being profiled or run read device profiler more often (profiler.cpp:1477)
2026-02-12 00:11:34.811 | warning  |           Metal | Profiler DRAM buffers were full, markers were dropped! device 0, worker core 24, 20, Risc TRISC_1,  bufferEndIndex = 12000. Please either decrease the number of ops being profiled or run read device profiler more often (profiler.cpp:1477)
2026-02-12 00:11:34.812 | warning  |           Metal | Profiler DRAM buffers were full, markers were dropped! device 0, worker core 24, 20, Risc TRISC_2,  bufferEndIndex = 12000. Please either decrease the number of ops being profiled or run read device profiler more often (profiler.cpp:1477)
2026-02-12 00:11:34.813 | warning  |           Metal | Profiler DRAM buffers were full, markers were dropped! device 0, worker core 24, 21, Risc BRISC,  bufferEndIndex = 12000. Please either decrease the number of ops being profiled or run read device profiler more often (profiler.cpp:1477)
2026-02-12 00:11:34.815 | warning  |           Metal | Profiler DRAM buffers were full, markers were dropped! device 0, worker core 24, 21, Risc NCRISC,  bufferEndIndex = 12000. Please either decrease the number of ops being profiled or run read device profiler more often (profiler.cpp:1477)
2026-02-12 00:11:34.817 | warning  |           Metal | Profiler DRAM buffers were full, markers were dropped! device 0, worker core 24, 21, Risc TRISC_0,  bufferEndIndex = 12000. Please either decrease the number of ops being profiled or run read device profiler more often (profiler.cpp:1477)
2026-02-12 00:11:34.818 | warning  |           Metal | Profiler DRAM buffers were full, markers were dropped! device 0, worker core 24, 21, Risc TRISC_1,  bufferEndIndex = 12000. Please either decrease the number of ops being profiled or run read device profiler more often (profiler.cpp:1477)
2026-02-12 00:11:34.819 | warning  |           Metal | Profiler DRAM buffers were full, markers were dropped! device 0, worker core 24, 21, Risc TRISC_2,  bufferEndIndex = 12000. Please either decrease the number of ops being profiled or run read device profiler more often (profiler.cpp:1477)
2026-02-12 00:11:34.821 | warning  |           Metal | Profiler DRAM buffers were full, markers were dropped! device 0, worker core 24, 22, Risc BRISC,  bufferEndIndex = 12000. Please either decrease the number of ops being profiled or run read device profiler more often (profiler.cpp:1477)
2026-02-12 00:11:34.822 | warning  |           Metal | Profiler DRAM buffers were full, markers were dropped! device 0, worker core 24, 22, Risc NCRISC,  bufferEndIndex = 12000. Please either decrease the number of ops being profiled or run read device profiler more often (profiler.cpp:1477)
2026-02-12 00:11:34.824 | warning  |           Metal | Profiler DRAM buffers were full, markers were dropped! device 0, worker core 24, 22, Risc TRISC_0,  bufferEndIndex = 12000. Please either decrease the number of ops being profiled or run read device profiler more often (profiler.cpp:1477)
2026-02-12 00:11:34.825 | warning  |           Metal | Profiler DRAM buffers were full, markers were dropped! device 0, worker core 24, 22, Risc TRISC_1,  bufferEndIndex = 12000. Please either decrease the number of ops being profiled or run read device profiler more often (profiler.cpp:1477)
2026-02-12 00:11:34.826 | warning  |           Metal | Profiler DRAM buffers were full, markers were dropped! device 0, worker core 24, 22, Risc TRISC_2,  bufferEndIndex = 12000. Please either decrease the number of ops being profiled or run read device profiler more often (profiler.cpp:1477)
2026-02-12 00:11:34.828 | warning  |           Metal | Profiler DRAM buffers were full, markers were dropped! device 0, worker core 24, 23, Risc BRISC,  bufferEndIndex = 12000. Please either decrease the number of ops being profiled or run read device profiler more often (profiler.cpp:1477)
2026-02-12 00:11:34.829 | warning  |           Metal | Profiler DRAM buffers were full, markers were dropped! device 0, worker core 24, 23, Risc NCRISC,  bufferEndIndex = 12000. Please either decrease the number of ops being profiled or run read device profiler more often (profiler.cpp:1477)
2026-02-12 00:11:34.831 | warning  |           Metal | Profiler DRAM buffers were full, markers were dropped! device 0, worker core 24, 23, Risc TRISC_0,  bufferEndIndex = 12000. Please either decrease the number of ops being profiled or run read device profiler more often (profiler.cpp:1477)
2026-02-12 00:11:34.832 | warning  |           Metal | Profiler DRAM buffers were full, markers were dropped! device 0, worker core 24, 23, Risc TRISC_1,  bufferEndIndex = 12000. Please either decrease the number of ops being profiled or run read device profiler more often (profiler.cpp:1477)
2026-02-12 00:11:34.833 | warning  |           Metal | Profiler DRAM buffers were full, markers were dropped! device 0, worker core 24, 23, Risc TRISC_2,  bufferEndIndex = 12000. Please either decrease the number of ops being profiled or run read device profiler more often (profiler.cpp:1477)
2026-02-12 00:11:34.835 | warning  |           Metal | Profiler DRAM buffers were full, markers were dropped! device 0, worker core 24, 24, Risc BRISC,  bufferEndIndex = 12000. Please either decrease the number of ops being profiled or run read device profiler more often (profiler.cpp:1477)
2026-02-12 00:11:34.836 | warning  |           Metal | Profiler DRAM buffers were full, markers were dropped! device 0, worker core 24, 24, Risc NCRISC,  bufferEndIndex = 12000. Please either decrease the number of ops being profiled or run read device profiler more often (profiler.cpp:1477)
2026-02-12 00:11:34.838 | warning  |           Metal | Profiler DRAM buffers were full, markers were dropped! device 0, worker core 24, 24, Risc TRISC_0,  bufferEndIndex = 12000. Please either decrease the number of ops being profiled or run read device profiler more often (profiler.cpp:1477)
2026-02-12 00:11:34.839 | warning  |           Metal | Profiler DRAM buffers were full, markers were dropped! device 0, worker core 24, 24, Risc TRISC_1,  bufferEndIndex = 12000. Please either decrease the number of ops being profiled or run read device profiler more often (profiler.cpp:1477)
2026-02-12 00:11:34.841 | warning  |           Metal | Profiler DRAM buffers were full, markers were dropped! device 0, worker core 24, 24, Risc TRISC_2,  bufferEndIndex = 12000. Please either decrease the number of ops being profiled or run read device profiler more often (profiler.cpp:1477)
2026-02-12 00:11:34.842 | warning  |           Metal | Profiler DRAM buffers were full, markers were dropped! device 0, worker core 24, 25, Risc BRISC,  bufferEndIndex = 12000. Please either decrease the number of ops being profiled or run read device profiler more often (profiler.cpp:1477)
2026-02-12 00:11:34.843 | warning  |           Metal | Profiler DRAM buffers were full, markers were dropped! device 0, worker core 24, 25, Risc NCRISC,  bufferEndIndex = 12000. Please either decrease the number of ops being profiled or run read device profiler more often (profiler.cpp:1477)
2026-02-12 00:11:34.845 | warning  |           Metal | Profiler DRAM buffers were full, markers were dropped! device 0, worker core 24, 25, Risc TRISC_0,  bufferEndIndex = 12000. Please either decrease the number of ops being profiled or run read device profiler more often (profiler.cpp:1477)
2026-02-12 00:11:34.846 | warning  |           Metal | Profiler DRAM buffers were full, markers were dropped! device 0, worker core 24, 25, Risc TRISC_1,  bufferEndIndex = 12000. Please either decrease the number of ops being profiled or run read device profiler more often (profiler.cpp:1477)
2026-02-12 00:11:34.848 | warning  |           Metal | Profiler DRAM buffers were full, markers were dropped! device 0, worker core 24, 25, Risc TRISC_2,  bufferEndIndex = 12000. Please either decrease the number of ops being profiled or run read device profiler more often (profiler.cpp:1477)
2026-02-12 00:11:34.849 | warning  |           Metal | Profiler DRAM buffers were full, markers were dropped! device 0, worker core 25, 18, Risc BRISC,  bufferEndIndex = 12000. Please either decrease the number of ops being profiled or run read device profiler more often (profiler.cpp:1477)
2026-02-12 00:11:34.851 | warning  |           Metal | Profiler DRAM buffers were full, markers were dropped! device 0, worker core 25, 18, Risc NCRISC,  bufferEndIndex = 12000. Please either decrease the number of ops being profiled or run read device profiler more often (profiler.cpp:1477)
2026-02-12 00:11:34.852 | warning  |           Metal | Profiler DRAM buffers were full, markers were dropped! device 0, worker core 25, 18, Risc TRISC_0,  bufferEndIndex = 12000. Please either decrease the number of ops being profiled or run read device profiler more often (profiler.cpp:1477)
2026-02-12 00:11:34.853 | warning  |           Metal | Profiler DRAM buffers were full, markers were dropped! device 0, worker core 25, 18, Risc TRISC_1,  bufferEndIndex = 12000. Please either decrease the number of ops being profiled or run read device profiler more often (profiler.cpp:1477)
2026-02-12 00:11:34.855 | warning  |           Metal | Profiler DRAM buffers were full, markers were dropped! device 0, worker core 25, 18, Risc TRISC_2,  bufferEndIndex = 12000. Please either decrease the number of ops being profiled or run read device profiler more often (profiler.cpp:1477)
2026-02-12 00:11:34.856 | warning  |           Metal | Profiler DRAM buffers were full, markers were dropped! device 0, worker core 25, 19, Risc BRISC,  bufferEndIndex = 12000. Please either decrease the number of ops being profiled or run read device profiler more often (profiler.cpp:1477)
2026-02-12 00:11:34.858 | warning  |           Metal | Profiler DRAM buffers were full, markers were dropped! device 0, worker core 25, 19, Risc NCRISC,  bufferEndIndex = 12000. Please either decrease the number of ops being profiled or run read device profiler more often (profiler.cpp:1477)
2026-02-12 00:11:34.859 | warning  |           Metal | Profiler DRAM buffers were full, markers were dropped! device 0, worker core 25, 19, Risc TRISC_0,  bufferEndIndex = 12000. Please either decrease the number of ops being profiled or run read device profiler more often (profiler.cpp:1477)
2026-02-12 00:11:34.861 | warning  |           Metal | Profiler DRAM buffers were full, markers were dropped! device 0, worker core 25, 19, Risc TRISC_1,  bufferEndIndex = 12000. Please either decrease the number of ops being profiled or run read device profiler more often (profiler.cpp:1477)
2026-02-12 00:11:34.862 | warning  |           Metal | Profiler DRAM buffers were full, markers were dropped! device 0, worker core 25, 19, Risc TRISC_2,  bufferEndIndex = 12000. Please either decrease the number of ops being profiled or run read device profiler more often (profiler.cpp:1477)
2026-02-12 00:11:34.863 | warning  |           Metal | Profiler DRAM buffers were full, markers were dropped! device 0, worker core 25, 20, Risc BRISC,  bufferEndIndex = 12000. Please either decrease the number of ops being profiled or run read device profiler more often (profiler.cpp:1477)
2026-02-12 00:11:34.865 | warning  |           Metal | Profiler DRAM buffers were full, markers were dropped! device 0, worker core 25, 20, Risc NCRISC,  bufferEndIndex = 12000. Please either decrease the number of ops being profiled or run read device profiler more often (profiler.cpp:1477)
2026-02-12 00:11:34.866 | warning  |           Metal | Profiler DRAM buffers were full, markers were dropped! device 0, worker core 25, 20, Risc TRISC_0,  bufferEndIndex = 12000. Please either decrease the number of ops being profiled or run read device profiler more often (profiler.cpp:1477)
2026-02-12 00:11:34.868 | warning  |           Metal | Profiler DRAM buffers were full, markers were dropped! device 0, worker core 25, 20, Risc TRISC_1,  bufferEndIndex = 12000. Please either decrease the number of ops being profiled or run read device profiler more often (profiler.cpp:1477)
2026-02-12 00:11:34.869 | warning  |           Metal | Profiler DRAM buffers were full, markers were dropped! device 0, worker core 25, 20, Risc TRISC_2,  bufferEndIndex = 12000. Please either decrease the number of ops being profiled or run read device profiler more often (profiler.cpp:1477)
2026-02-12 00:11:34.870 | warning  |           Metal | Profiler DRAM buffers were full, markers were dropped! device 0, worker core 25, 21, Risc BRISC,  bufferEndIndex = 12000. Please either decrease the number of ops being profiled or run read device profiler more often (profiler.cpp:1477)
2026-02-12 00:11:34.872 | warning  |           Metal | Profiler DRAM buffers were full, markers were dropped! device 0, worker core 25, 21, Risc NCRISC,  bufferEndIndex = 12000. Please either decrease the number of ops being profiled or run read device profiler more often (profiler.cpp:1477)
2026-02-12 00:11:34.873 | warning  |           Metal | Profiler DRAM buffers were full, markers were dropped! device 0, worker core 25, 21, Risc TRISC_0,  bufferEndIndex = 12000. Please either decrease the number of ops being profiled or run read device profiler more often (profiler.cpp:1477)
2026-02-12 00:11:34.875 | warning  |           Metal | Profiler DRAM buffers were full, markers were dropped! device 0, worker core 25, 21, Risc TRISC_1,  bufferEndIndex = 12000. Please either decrease the number of ops being profiled or run read device profiler more often (profiler.cpp:1477)
2026-02-12 00:11:34.876 | warning  |           Metal | Profiler DRAM buffers were full, markers were dropped! device 0, worker core 25, 21, Risc TRISC_2,  bufferEndIndex = 12000. Please either decrease the number of ops being profiled or run read device profiler more often (profiler.cpp:1477)
2026-02-12 00:11:34.877 | warning  |           Metal | Profiler DRAM buffers were full, markers were dropped! device 0, worker core 25, 22, Risc BRISC,  bufferEndIndex = 12000. Please either decrease the number of ops being profiled or run read device profiler more often (profiler.cpp:1477)
2026-02-12 00:11:34.879 | warning  |           Metal | Profiler DRAM buffers were full, markers were dropped! device 0, worker core 25, 22, Risc NCRISC,  bufferEndIndex = 12000. Please either decrease the number of ops being profiled or run read device profiler more often (profiler.cpp:1477)
2026-02-12 00:11:34.880 | warning  |           Metal | Profiler DRAM buffers were full, markers were dropped! device 0, worker core 25, 22, Risc TRISC_0,  bufferEndIndex = 12000. Please either decrease the number of ops being profiled or run read device profiler more often (profiler.cpp:1477)
2026-02-12 00:11:34.882 | warning  |           Metal | Profiler DRAM buffers were full, markers were dropped! device 0, worker core 25, 22, Risc TRISC_1,  bufferEndIndex = 12000. Please either decrease the number of ops being profiled or run read device profiler more often (profiler.cpp:1477)
2026-02-12 00:11:34.883 | warning  |           Metal | Profiler DRAM buffers were full, markers were dropped! device 0, worker core 25, 22, Risc TRISC_2,  bufferEndIndex = 12000. Please either decrease the number of ops being profiled or run read device profiler more often (profiler.cpp:1477)
2026-02-12 00:11:34.885 | warning  |           Metal | Profiler DRAM buffers were full, markers were dropped! device 0, worker core 25, 23, Risc BRISC,  bufferEndIndex = 12000. Please either decrease the number of ops being profiled or run read device profiler more often (profiler.cpp:1477)
2026-02-12 00:11:34.886 | warning  |           Metal | Profiler DRAM buffers were full, markers were dropped! device 0, worker core 25, 23, Risc NCRISC,  bufferEndIndex = 12000. Please either decrease the number of ops being profiled or run read device profiler more often (profiler.cpp:1477)
2026-02-12 00:11:34.888 | warning  |           Metal | Profiler DRAM buffers were full, markers were dropped! device 0, worker core 25, 23, Risc TRISC_0,  bufferEndIndex = 12000. Please either decrease the number of ops being profiled or run read device profiler more often (profiler.cpp:1477)
2026-02-12 00:11:34.889 | warning  |           Metal | Profiler DRAM buffers were full, markers were dropped! device 0, worker core 25, 23, Risc TRISC_1,  bufferEndIndex = 12000. Please either decrease the number of ops being profiled or run read device profiler more often (profiler.cpp:1477)
2026-02-12 00:11:34.890 | warning  |           Metal | Profiler DRAM buffers were full, markers were dropped! device 0, worker core 25, 23, Risc TRISC_2,  bufferEndIndex = 12000. Please either decrease the number of ops being profiled or run read device profiler more often (profiler.cpp:1477)
2026-02-12 00:11:34.892 | warning  |           Metal | Profiler DRAM buffers were full, markers were dropped! device 0, worker core 25, 24, Risc BRISC,  bufferEndIndex = 12000. Please either decrease the number of ops being profiled or run read device profiler more often (profiler.cpp:1477)
2026-02-12 00:11:34.893 | warning  |           Metal | Profiler DRAM buffers were full, markers were dropped! device 0, worker core 25, 24, Risc NCRISC,  bufferEndIndex = 12000. Please either decrease the number of ops being profiled or run read device profiler more often (profiler.cpp:1477)
2026-02-12 00:11:34.895 | warning  |           Metal | Profiler DRAM buffers were full, markers were dropped! device 0, worker core 25, 24, Risc TRISC_0,  bufferEndIndex = 12000. Please either decrease the number of ops being profiled or run read device profiler more often (profiler.cpp:1477)
2026-02-12 00:11:34.896 | warning  |           Metal | Profiler DRAM buffers were full, markers were dropped! device 0, worker core 25, 24, Risc TRISC_1,  bufferEndIndex = 12000. Please either decrease the number of ops being profiled or run read device profiler more often (profiler.cpp:1477)
2026-02-12 00:11:34.898 | warning  |           Metal | Profiler DRAM buffers were full, markers were dropped! device 0, worker core 25, 24, Risc TRISC_2,  bufferEndIndex = 12000. Please either decrease the number of ops being profiled or run read device profiler more often (profiler.cpp:1477)
2026-02-12 00:11:34.899 | warning  |           Metal | Profiler DRAM buffers were full, markers were dropped! device 0, worker core 25, 25, Risc BRISC,  bufferEndIndex = 12000. Please either decrease the number of ops being profiled or run read device profiler more often (profiler.cpp:1477)
2026-02-12 00:11:34.900 | warning  |           Metal | Profiler DRAM buffers were full, markers were dropped! device 0, worker core 25, 25, Risc NCRISC,  bufferEndIndex = 12000. Please either decrease the number of ops being profiled or run read device profiler more often (profiler.cpp:1477)
2026-02-12 00:11:34.902 | warning  |           Metal | Profiler DRAM buffers were full, markers were dropped! device 0, worker core 25, 25, Risc TRISC_0,  bufferEndIndex = 12000. Please either decrease the number of ops being profiled or run read device profiler more often (profiler.cpp:1477)
2026-02-12 00:11:34.903 | warning  |           Metal | Profiler DRAM buffers were full, markers were dropped! device 0, worker core 25, 25, Risc TRISC_1,  bufferEndIndex = 12000. Please either decrease the number of ops being profiled or run read device profiler more often (profiler.cpp:1477)
2026-02-12 00:11:34.905 | warning  |           Metal | Profiler DRAM buffers were full, markers were dropped! device 0, worker core 25, 25, Risc TRISC_2,  bufferEndIndex = 12000. Please either decrease the number of ops being profiled or run read device profiler more often (profiler.cpp:1477)
2026-02-12 00:11:39.228 | info     |          Device | Closing user mode device drivers (tt_cluster.cpp:472)
2026-02-12 00:11:39.228 | info     |             UMD | Closing devices in cluster (cluster.cpp:976)

COMMAND: TTNN_ALLOW_SYSTEM_MESH_FALLBACK=1 TTNN_DECODE_MATMUL_FIDELITY=lofi TT_METAL_CACHE=/tmp/tt-metal-cache PYTHONUNBUFFERED=1 python -u demo.py models/humain-ai/ALLaM-7B-Instruct-preview/n300/optimized/model.py --max_seq_len 4096 --seed 0
/proj_sw/user_dev/moconnor/tt-metal/python_env/lib/python3.10/site-packages/transformers/utils/hub.py:111: FutureWarning: Using `TRANSFORMERS_CACHE` is deprecated and will be removed in v5 of Transformers. Use `HF_HOME` instead.
  warnings.warn(
2026-02-12 00:20:49.670 | DEBUG    | ttnn:<module>:77 - Initial ttnn.CONFIG:
Config{cache_path=/home/moconnor/.cache/ttnn,model_cache_path=/home/moconnor/.cache/ttnn/models,tmp_dir=/tmp/ttnn,enable_model_cache=false,enable_fast_runtime_mode=true,throw_exception_on_fallback=false,enable_logging=false,enable_graph_report=false,enable_detailed_buffer_report=false,enable_detailed_tensor_report=false,enable_comparison_mode=false,comparison_mode_should_raise_exception=false,comparison_mode_pcc=0.9999,root_report_path=generated/ttnn/reports,report_name=std::nullopt,std::nullopt}
Loading tokenizer: humain-ai/ALLaM-7B-Instruct-preview
Opening TT device...
2026-02-12 00:20:51.620 | info     |             UMD | Established firmware bundle version: 18.12.1 (topology_discovery.cpp:368)
2026-02-12 00:20:51.621 | info     |          Device | Opening user mode device driver (tt_cluster.cpp:223)
2026-02-12 00:20:51.626 | info     |             UMD | Established firmware bundle version: 18.12.1 (topology_discovery.cpp:368)
2026-02-12 00:20:51.661 | info     |             UMD | Established firmware bundle version: 18.12.1 (topology_discovery.cpp:368)
2026-02-12 00:20:51.662 | info     |             UMD | Harvesting masks for chip 1 tensix: 0x8 dram: 0x0 eth: 0x0 pcie: 0x0 l2cpu: 0x0 (cluster.cpp:339)
2026-02-12 00:20:51.739 | info     |             UMD | Harvesting masks for chip 0 tensix: 0x8 dram: 0x0 eth: 0x0 pcie: 0x0 l2cpu: 0x0 (cluster.cpp:339)
2026-02-12 00:20:51.756 | info     |             UMD | Opening local chip ids/PCIe ids: {0, 1}/[4, 3] and remote chip ids {} (cluster.cpp:186)
2026-02-12 00:20:51.756 | info     |             UMD | IOMMU: disabled (cluster.cpp:161)
2026-02-12 00:20:51.756 | info     |             UMD | KMD version: 2.4.1 (cluster.cpp:164)
2026-02-12 00:20:51.759 | info     |             UMD | Starting devices in cluster (cluster.cpp:965)
2026-02-12 00:20:51.762 | info     |             UMD | Mapped hugepage 0x4400000000 to NOC address 0x800000000 (silicon_sysmem_manager.cpp:207)
2026-02-12 00:20:51.766 | info     |             UMD | Mapped hugepage 0x480000000 to NOC address 0x800000000 (silicon_sysmem_manager.cpp:207)
2026-02-12 00:20:51.826 | info     |     Distributed | Using auto discovery to generate mesh graph. (metal_context.cpp:863)
2026-02-12 00:20:51.826 | info     |     Distributed | Constructing control plane using auto-discovery (no mesh graph descriptor). (metal_context.cpp:840)
2026-02-12 00:20:51.827 | info     |          Fabric | TopologyMapper mapping start (mesh=0): n_log=2, n_phys=2, log_deg_hist={1:2}, phys_deg_hist={0:2} (topology_mapper_utils.cpp:171)
2026-02-12 00:20:51.827 | info     |          Fabric | TopologyMapper mapping start (mesh=0): n_log=1, n_phys=2, log_deg_hist={0:1}, phys_deg_hist={0:2} (topology_mapper_utils.cpp:171)
2026-02-12 00:20:51.827 | warning  |          Fabric | TopologyMapper auto-discovery: Downgrading to mesh shape 1x1 (1 total nodes) for 2 physical chips. Some physical chips may not be used. This may indicate connectivity issues, topology mismatches, or insufficient fabric links between chips. Verify your physical chip connectivity and ensure that the fabric links are correctly configured. (topology_mapper.cpp:1564)
2026-02-12 00:20:51.827 | info     |          Fabric | TopologyMapper mapping start (mesh=0): n_log=1, n_phys=2, log_deg_hist={0:1}, phys_deg_hist={0:2} (topology_mapper_utils.cpp:171)
Requested mesh (1, 2) exceeds discovered system mesh (1, 1); falling back to discovered mesh because TTNN_ALLOW_SYSTEM_MESH_FALLBACK is enabled.
2026-02-12 00:20:51.834 | DEBUG    | ttnn.device:__init__:150 - Using default dispatch core type for this system: DispatchCoreType.WORKER
2026-02-12 00:20:51.834 | DEBUG    | ttnn.device:__init__:152 - Using default dispatch core axis for this system: DispatchCoreAxis.ROW
2026-02-12 00:20:51.842 | info     |    BuildKernels | Skipping deleting built cache (build.cpp:110)
2026-02-12 00:20:51.845 | info     |    BuildKernels | Skipping deleting built cache (build.cpp:110)
2026-02-12 00:20:51.893 | warning  |           Metal | Opening subset of mmio devices slows down UMD read/write to remote chips. If opening more devices, consider using CreateDevices API. (device_manager.cpp:301)
Loading HuggingFace reference model on CPU: humain-ai/ALLaM-7B-Instruct-preview
Loading checkpoint shards:   0%|          | 0/3 [00:00<?, ?it/s]Loading checkpoint shards:  33%|███▎      | 1/3 [00:00<00:01,  1.58it/s]Loading checkpoint shards:  67%|██████▋   | 2/3 [00:01<00:00,  1.55it/s]Loading checkpoint shards: 100%|██████████| 3/3 [00:01<00:00,  1.70it/s]Loading checkpoint shards: 100%|██████████| 3/3 [00:01<00:00,  1.66it/s]
Building TT model...
  Loading embeddings...
  Computing RoPE cache...
  Loading 32 layers...
NOTE: Run aborted after ~15 minutes with no progress beyond 'Loading 32 layers...' (suspected compile/runtime stall for TTNN_DECODE_MATMUL_FIDELITY=lofi on this host).

COMMAND: TTNN_ALLOW_SYSTEM_MESH_FALLBACK=1 TTNN_DECODE_MATMUL_CORE_GRID=2x8 TT_METAL_CACHE=/tmp/tt-metal-cache PYTHONUNBUFFERED=1 timeout 900 python -u demo.py models/humain-ai/ALLaM-7B-Instruct-preview/n300/optimized/model.py --max_seq_len 4096 --max-new-tokens 32 --seed 0
/proj_sw/user_dev/moconnor/tt-metal/python_env/lib/python3.10/site-packages/transformers/utils/hub.py:111: FutureWarning: Using `TRANSFORMERS_CACHE` is deprecated and will be removed in v5 of Transformers. Use `HF_HOME` instead.
  warnings.warn(
2026-02-12 00:24:23.419 | DEBUG    | ttnn:<module>:77 - Initial ttnn.CONFIG:
Config{cache_path=/home/moconnor/.cache/ttnn,model_cache_path=/home/moconnor/.cache/ttnn/models,tmp_dir=/tmp/ttnn,enable_model_cache=false,enable_fast_runtime_mode=true,throw_exception_on_fallback=false,enable_logging=false,enable_graph_report=false,enable_detailed_buffer_report=false,enable_detailed_tensor_report=false,enable_comparison_mode=false,comparison_mode_should_raise_exception=false,comparison_mode_pcc=0.9999,root_report_path=generated/ttnn/reports,report_name=std::nullopt,std::nullopt}
Loading tokenizer: humain-ai/ALLaM-7B-Instruct-preview
Opening TT device...
2026-02-12 00:24:25.207 | info     |             UMD | Established firmware bundle version: 18.12.1 (topology_discovery.cpp:368)
2026-02-12 00:24:25.208 | info     |          Device | Opening user mode device driver (tt_cluster.cpp:223)
2026-02-12 00:24:25.213 | info     |             UMD | Established firmware bundle version: 18.12.1 (topology_discovery.cpp:368)
2026-02-12 00:24:25.248 | info     |             UMD | Established firmware bundle version: 18.12.1 (topology_discovery.cpp:368)
2026-02-12 00:24:25.249 | info     |             UMD | Harvesting masks for chip 1 tensix: 0x8 dram: 0x0 eth: 0x0 pcie: 0x0 l2cpu: 0x0 (cluster.cpp:339)
2026-02-12 00:24:25.327 | info     |             UMD | Harvesting masks for chip 0 tensix: 0x8 dram: 0x0 eth: 0x0 pcie: 0x0 l2cpu: 0x0 (cluster.cpp:339)
2026-02-12 00:24:25.343 | info     |             UMD | Opening local chip ids/PCIe ids: {0, 1}/[4, 3] and remote chip ids {} (cluster.cpp:186)
2026-02-12 00:24:25.343 | info     |             UMD | IOMMU: disabled (cluster.cpp:161)
2026-02-12 00:24:25.343 | info     |             UMD | KMD version: 2.4.1 (cluster.cpp:164)
2026-02-12 00:24:25.346 | info     |             UMD | Starting devices in cluster (cluster.cpp:965)
2026-02-12 00:24:25.349 | info     |             UMD | Mapped hugepage 0x4400000000 to NOC address 0x800000000 (silicon_sysmem_manager.cpp:207)
2026-02-12 00:24:25.354 | info     |             UMD | Mapped hugepage 0x480000000 to NOC address 0x800000000 (silicon_sysmem_manager.cpp:207)
2026-02-12 00:24:25.416 | info     |     Distributed | Using auto discovery to generate mesh graph. (metal_context.cpp:863)
2026-02-12 00:24:25.416 | info     |     Distributed | Constructing control plane using auto-discovery (no mesh graph descriptor). (metal_context.cpp:840)
2026-02-12 00:24:25.416 | info     |          Fabric | TopologyMapper mapping start (mesh=0): n_log=2, n_phys=2, log_deg_hist={1:2}, phys_deg_hist={0:2} (topology_mapper_utils.cpp:171)
2026-02-12 00:24:25.416 | info     |          Fabric | TopologyMapper mapping start (mesh=0): n_log=1, n_phys=2, log_deg_hist={0:1}, phys_deg_hist={0:2} (topology_mapper_utils.cpp:171)
2026-02-12 00:24:25.416 | warning  |          Fabric | TopologyMapper auto-discovery: Downgrading to mesh shape 1x1 (1 total nodes) for 2 physical chips. Some physical chips may not be used. This may indicate connectivity issues, topology mismatches, or insufficient fabric links between chips. Verify your physical chip connectivity and ensure that the fabric links are correctly configured. (topology_mapper.cpp:1564)
2026-02-12 00:24:25.416 | info     |          Fabric | TopologyMapper mapping start (mesh=0): n_log=1, n_phys=2, log_deg_hist={0:1}, phys_deg_hist={0:2} (topology_mapper_utils.cpp:171)
Requested mesh (1, 2) exceeds discovered system mesh (1, 1); falling back to discovered mesh because TTNN_ALLOW_SYSTEM_MESH_FALLBACK is enabled.
2026-02-12 00:24:25.421 | DEBUG    | ttnn.device:__init__:150 - Using default dispatch core type for this system: DispatchCoreType.WORKER
2026-02-12 00:24:25.421 | DEBUG    | ttnn.device:__init__:152 - Using default dispatch core axis for this system: DispatchCoreAxis.ROW
2026-02-12 00:24:25.429 | info     |    BuildKernels | Skipping deleting built cache (build.cpp:110)
2026-02-12 00:24:25.432 | info     |    BuildKernels | Skipping deleting built cache (build.cpp:110)
2026-02-12 00:24:25.479 | warning  |           Metal | Opening subset of mmio devices slows down UMD read/write to remote chips. If opening more devices, consider using CreateDevices API. (device_manager.cpp:301)
Loading HuggingFace reference model on CPU: humain-ai/ALLaM-7B-Instruct-preview
Loading checkpoint shards:   0%|          | 0/3 [00:00<?, ?it/s]Loading checkpoint shards:  33%|███▎      | 1/3 [00:00<00:01,  1.49it/s]Loading checkpoint shards:  67%|██████▋   | 2/3 [00:01<00:00,  1.42it/s]Loading checkpoint shards: 100%|██████████| 3/3 [00:01<00:00,  1.53it/s]Loading checkpoint shards: 100%|██████████| 3/3 [00:01<00:00,  1.51it/s]
Building TT model...
  Loading embeddings...
  Computing RoPE cache...
  Loading 32 layers...
NOTE: Run aborted after ~10 minutes with no progress beyond 'Loading 32 layers...' (suspected compile/runtime stall for TTNN_DECODE_MATMUL_CORE_GRID=2x8 on this host).

COMMAND: TTNN_ALLOW_SYSTEM_MESH_FALLBACK=1 TTNN_DECODE_MATMUL_CORE_GRID=2x8 TT_METAL_CACHE=/tmp/tt-metal-cache PYTHONUNBUFFERED=1 timeout 1200 python -u demo.py models/humain-ai/ALLaM-7B-Instruct-preview/n300/optimized/model.py --max_seq_len 4096 --max-new-tokens 8 --seed 0
/proj_sw/user_dev/moconnor/tt-metal/python_env/lib/python3.10/site-packages/transformers/utils/hub.py:111: FutureWarning: Using `TRANSFORMERS_CACHE` is deprecated and will be removed in v5 of Transformers. Use `HF_HOME` instead.
  warnings.warn(
2026-02-12 00:33:43.294 | DEBUG    | ttnn:<module>:77 - Initial ttnn.CONFIG:
Config{cache_path=/home/moconnor/.cache/ttnn,model_cache_path=/home/moconnor/.cache/ttnn/models,tmp_dir=/tmp/ttnn,enable_model_cache=false,enable_fast_runtime_mode=true,throw_exception_on_fallback=false,enable_logging=false,enable_graph_report=false,enable_detailed_buffer_report=false,enable_detailed_tensor_report=false,enable_comparison_mode=false,comparison_mode_should_raise_exception=false,comparison_mode_pcc=0.9999,root_report_path=generated/ttnn/reports,report_name=std::nullopt,std::nullopt}
Loading tokenizer: humain-ai/ALLaM-7B-Instruct-preview
Opening TT device...
2026-02-12 00:33:45.031 | info     |             UMD | Established firmware bundle version: 18.12.1 (topology_discovery.cpp:368)
2026-02-12 00:33:45.032 | info     |          Device | Opening user mode device driver (tt_cluster.cpp:223)
2026-02-12 00:33:45.037 | info     |             UMD | Established firmware bundle version: 18.12.1 (topology_discovery.cpp:368)
2026-02-12 00:33:45.071 | info     |             UMD | Established firmware bundle version: 18.12.1 (topology_discovery.cpp:368)
2026-02-12 00:33:45.072 | info     |             UMD | Harvesting masks for chip 1 tensix: 0x8 dram: 0x0 eth: 0x0 pcie: 0x0 l2cpu: 0x0 (cluster.cpp:339)
2026-02-12 00:33:45.153 | info     |             UMD | Harvesting masks for chip 0 tensix: 0x8 dram: 0x0 eth: 0x0 pcie: 0x0 l2cpu: 0x0 (cluster.cpp:339)
2026-02-12 00:33:45.168 | info     |             UMD | Opening local chip ids/PCIe ids: {0, 1}/[4, 3] and remote chip ids {} (cluster.cpp:186)
2026-02-12 00:33:45.168 | info     |             UMD | IOMMU: disabled (cluster.cpp:161)
2026-02-12 00:33:45.168 | info     |             UMD | KMD version: 2.4.1 (cluster.cpp:164)
2026-02-12 00:33:45.171 | info     |             UMD | Starting devices in cluster (cluster.cpp:965)
2026-02-12 00:33:45.174 | info     |             UMD | Mapped hugepage 0x4400000000 to NOC address 0x800000000 (silicon_sysmem_manager.cpp:207)
2026-02-12 00:33:45.179 | info     |             UMD | Mapped hugepage 0x480000000 to NOC address 0x800000000 (silicon_sysmem_manager.cpp:207)
2026-02-12 00:33:45.249 | info     |     Distributed | Using auto discovery to generate mesh graph. (metal_context.cpp:863)
2026-02-12 00:33:45.249 | info     |     Distributed | Constructing control plane using auto-discovery (no mesh graph descriptor). (metal_context.cpp:840)
2026-02-12 00:33:45.249 | info     |          Fabric | TopologyMapper mapping start (mesh=0): n_log=2, n_phys=2, log_deg_hist={1:2}, phys_deg_hist={0:2} (topology_mapper_utils.cpp:171)
2026-02-12 00:33:45.249 | info     |          Fabric | TopologyMapper mapping start (mesh=0): n_log=1, n_phys=2, log_deg_hist={0:1}, phys_deg_hist={0:2} (topology_mapper_utils.cpp:171)
2026-02-12 00:33:45.249 | warning  |          Fabric | TopologyMapper auto-discovery: Downgrading to mesh shape 1x1 (1 total nodes) for 2 physical chips. Some physical chips may not be used. This may indicate connectivity issues, topology mismatches, or insufficient fabric links between chips. Verify your physical chip connectivity and ensure that the fabric links are correctly configured. (topology_mapper.cpp:1564)
2026-02-12 00:33:45.249 | info     |          Fabric | TopologyMapper mapping start (mesh=0): n_log=1, n_phys=2, log_deg_hist={0:1}, phys_deg_hist={0:2} (topology_mapper_utils.cpp:171)
Requested mesh (1, 2) exceeds discovered system mesh (1, 1); falling back to discovered mesh because TTNN_ALLOW_SYSTEM_MESH_FALLBACK is enabled.
2026-02-12 00:33:45.255 | DEBUG    | ttnn.device:__init__:150 - Using default dispatch core type for this system: DispatchCoreType.WORKER
2026-02-12 00:33:45.255 | DEBUG    | ttnn.device:__init__:152 - Using default dispatch core axis for this system: DispatchCoreAxis.ROW
2026-02-12 00:33:45.263 | info     |    BuildKernels | Skipping deleting built cache (build.cpp:110)
2026-02-12 00:33:45.266 | info     |    BuildKernels | Skipping deleting built cache (build.cpp:110)
2026-02-12 00:33:45.320 | warning  |           Metal | Opening subset of mmio devices slows down UMD read/write to remote chips. If opening more devices, consider using CreateDevices API. (device_manager.cpp:301)
Loading HuggingFace reference model on CPU: humain-ai/ALLaM-7B-Instruct-preview
Loading checkpoint shards:   0%|          | 0/3 [00:00<?, ?it/s]Loading checkpoint shards:  33%|███▎      | 1/3 [00:00<00:01,  1.51it/s]Loading checkpoint shards:  67%|██████▋   | 2/3 [00:01<00:00,  1.51it/s]Loading checkpoint shards: 100%|██████████| 3/3 [00:01<00:00,  1.67it/s]Loading checkpoint shards: 100%|██████████| 3/3 [00:01<00:00,  1.62it/s]
Building TT model...
  Loading embeddings...
  Computing RoPE cache...
  Loading 32 layers...
Running one warmup prefill+decode pass (kernel compile warmup)...
2026-02-12 00:37:07.859 | warning  |    BuildKernels | Compute kernel 'pack_untilize_variable_num_blocks/18021495543364167813/' uses deprecated 'namespace NAMESPACE { void MAIN { } }' syntax. Please migrate to simplified 'void kernel_main() { }' syntax. (genfiles.cpp:187)
2026-02-12 00:37:07.954 | warning  |    BuildKernels | Compute kernel 'tilize/18251814608165832562/' uses deprecated 'namespace NAMESPACE { void MAIN { } }' syntax. Please migrate to simplified 'void kernel_main() { }' syntax. (genfiles.cpp:187)
2026-02-12 00:37:08.006 | warning  |    BuildKernels | Compute kernel 'layernorm/17132337866544620763/' uses deprecated 'namespace NAMESPACE { void MAIN { } }' syntax. Please migrate to simplified 'void kernel_main() { }' syntax. (genfiles.cpp:187)
2026-02-12 00:37:08.099 | warning  |    BuildKernels | Compute kernel 'bmm_large_block_zm_fused_bias_activation/9984058517180339019/' uses deprecated 'namespace NAMESPACE { void MAIN { } }' syntax. Please migrate to simplified 'void kernel_main() { }' syntax. (genfiles.cpp:187)
2026-02-12 00:37:08.201 | warning  |    BuildKernels | Compute kernel 'rotary_embedding/15977828201954068243/' uses deprecated 'namespace NAMESPACE { void MAIN { } }' syntax. Please migrate to simplified 'void kernel_main() { }' syntax. (genfiles.cpp:187)
2026-02-12 00:37:08.286 | warning  |    BuildKernels | Compute kernel 'sdpa/89646819859773288/' uses deprecated 'namespace NAMESPACE { void MAIN { } }' syntax. Please migrate to simplified 'void kernel_main() { }' syntax. (genfiles.cpp:187)
2026-02-12 00:37:08.380 | warning  |    BuildKernels | Compute kernel 'bmm_large_block_zm_fused_bias_activation/10871277992888585774/' uses deprecated 'namespace NAMESPACE { void MAIN { } }' syntax. Please migrate to simplified 'void kernel_main() { }' syntax. (genfiles.cpp:187)
2026-02-12 00:37:08.626 | warning  |    BuildKernels | Compute kernel 'bmm_large_block_zm_fused_bias_activation/14368278037435521175/' uses deprecated 'namespace NAMESPACE { void MAIN { } }' syntax. Please migrate to simplified 'void kernel_main() { }' syntax. (genfiles.cpp:187)
2026-02-12 00:37:08.691 | warning  |    BuildKernels | Compute kernel 'pack_untilize_wh/3852363199925462906/' uses deprecated 'namespace NAMESPACE { void MAIN { } }' syntax. Please migrate to simplified 'void kernel_main() { }' syntax. (genfiles.cpp:187)
2026-02-12 00:37:08.691 | warning  |    BuildKernels | Compute kernel 'pack_untilize_wh/7086840538318172595/' uses deprecated 'namespace NAMESPACE { void MAIN { } }' syntax. Please migrate to simplified 'void kernel_main() { }' syntax. (genfiles.cpp:187)
2026-02-12 00:37:08.691 | warning  |    BuildKernels | Compute kernel 'pack_untilize_wh/12783016731784767080/' uses deprecated 'namespace NAMESPACE { void MAIN { } }' syntax. Please migrate to simplified 'void kernel_main() { }' syntax. (genfiles.cpp:187)
2026-02-12 00:37:08.768 | warning  |    BuildKernels | Compute kernel 'tilize_wh/7242876147893395727/' uses deprecated 'namespace NAMESPACE { void MAIN { } }' syntax. Please migrate to simplified 'void kernel_main() { }' syntax. (genfiles.cpp:187)
2026-02-12 00:37:08.769 | warning  |    BuildKernels | Compute kernel 'tilize_wh/12714357955689313488/' uses deprecated 'namespace NAMESPACE { void MAIN { } }' syntax. Please migrate to simplified 'void kernel_main() { }' syntax. (genfiles.cpp:187)
2026-02-12 00:37:08.769 | warning  |    BuildKernels | Compute kernel 'tilize_wh/4709288304851342762/' uses deprecated 'namespace NAMESPACE { void MAIN { } }' syntax. Please migrate to simplified 'void kernel_main() { }' syntax. (genfiles.cpp:187)
2026-02-12 00:37:08.822 | warning  |    BuildKernels | Compute kernel 'bmm_large_block_zm_fused_bias_activation/4404026160441986435/' uses deprecated 'namespace NAMESPACE { void MAIN { } }' syntax. Please migrate to simplified 'void kernel_main() { }' syntax. (genfiles.cpp:187)
2026-02-12 00:37:08.963 | warning  |    BuildKernels | Compute kernel 'bmm_large_block_zm_fused_bias_activation/1235305188711262893/' uses deprecated 'namespace NAMESPACE { void MAIN { } }' syntax. Please migrate to simplified 'void kernel_main() { }' syntax. (genfiles.cpp:187)
2026-02-12 00:37:13.135 | warning  |    BuildKernels | Compute kernel 'update_cache/13768511706347252700/' uses deprecated 'namespace NAMESPACE { void MAIN { } }' syntax. Please migrate to simplified 'void kernel_main() { }' syntax. (genfiles.cpp:187)
2026-02-12 00:37:13.213 | warning  |    BuildKernels | Compute kernel 'sdpa_flash_decode/18089812707812935173/' uses deprecated 'namespace NAMESPACE { void MAIN { } }' syntax. Please migrate to simplified 'void kernel_main() { }' syntax. (genfiles.cpp:187)
2026-02-12 00:37:13.363 | warning  |    BuildKernels | Compute kernel 'bmm_large_block_zm_fused_bias_activation/15003009669532975416/' uses deprecated 'namespace NAMESPACE { void MAIN { } }' syntax. Please migrate to simplified 'void kernel_main() { }' syntax. (genfiles.cpp:187)
2026-02-12 00:37:17.575 | warning  |    BuildKernels | Compute kernel 'bmm_large_block_zm_fused_bias_activation/6155824524306476405/' uses deprecated 'namespace NAMESPACE { void MAIN { } }' syntax. Please migrate to simplified 'void kernel_main() { }' syntax. (genfiles.cpp:187)
2026-02-12 00:37:17.739 | warning  |    BuildKernels | Compute kernel 'bmm_large_block_zm_fused_bias_activation/4391359061119251671/' uses deprecated 'namespace NAMESPACE { void MAIN { } }' syntax. Please migrate to simplified 'void kernel_main() { }' syntax. (genfiles.cpp:187)
TT demo (n300)
Model: humain-ai/ALLaM-7B-Instruct-preview
Mesh shape: 1x1
Prompt tokens: 57 | Generated tokens: 8
TTFT: 69 ms | Decode: 16.2 t/s/u (6 tokens)

Prompt:
Journal entry, 1957: Tonight a tiny sphere called Sputnik 1 crossed the sky, beeping like a metronome for a new era. The neighbors gathered on the roof, listening and arguing about what comes next. I wrote in my notebook that

Output:
I’m scared, and the words
2026-02-12 00:37:20.290 | info     |          Device | Closing user mode device drivers (tt_cluster.cpp:472)
2026-02-12 00:37:20.290 | info     |             UMD | Closing devices in cluster (cluster.cpp:976)
EXIT_CODE:0

COMMAND: TTNN_ALLOW_SYSTEM_MESH_FALLBACK=1 TTNN_DECODE_MATMUL_FIDELITY=lofi TT_METAL_CACHE=/tmp/tt-metal-cache PYTHONUNBUFFERED=1 timeout 1200 python -u demo.py models/humain-ai/ALLaM-7B-Instruct-preview/n300/optimized/model.py --max_seq_len 4096 --max-new-tokens 8 --seed 0
/proj_sw/user_dev/moconnor/tt-metal/python_env/lib/python3.10/site-packages/transformers/utils/hub.py:111: FutureWarning: Using `TRANSFORMERS_CACHE` is deprecated and will be removed in v5 of Transformers. Use `HF_HOME` instead.
  warnings.warn(
2026-02-12 00:38:10.122 | DEBUG    | ttnn:<module>:77 - Initial ttnn.CONFIG:
Config{cache_path=/home/moconnor/.cache/ttnn,model_cache_path=/home/moconnor/.cache/ttnn/models,tmp_dir=/tmp/ttnn,enable_model_cache=false,enable_fast_runtime_mode=true,throw_exception_on_fallback=false,enable_logging=false,enable_graph_report=false,enable_detailed_buffer_report=false,enable_detailed_tensor_report=false,enable_comparison_mode=false,comparison_mode_should_raise_exception=false,comparison_mode_pcc=0.9999,root_report_path=generated/ttnn/reports,report_name=std::nullopt,std::nullopt}
Loading tokenizer: humain-ai/ALLaM-7B-Instruct-preview
Opening TT device...
2026-02-12 00:38:11.865 | info     |             UMD | Established firmware bundle version: 18.12.1 (topology_discovery.cpp:368)
2026-02-12 00:38:11.866 | info     |          Device | Opening user mode device driver (tt_cluster.cpp:223)
2026-02-12 00:38:11.871 | info     |             UMD | Established firmware bundle version: 18.12.1 (topology_discovery.cpp:368)
2026-02-12 00:38:11.906 | info     |             UMD | Established firmware bundle version: 18.12.1 (topology_discovery.cpp:368)
2026-02-12 00:38:11.907 | info     |             UMD | Harvesting masks for chip 1 tensix: 0x8 dram: 0x0 eth: 0x0 pcie: 0x0 l2cpu: 0x0 (cluster.cpp:339)
2026-02-12 00:38:11.993 | info     |             UMD | Harvesting masks for chip 0 tensix: 0x8 dram: 0x0 eth: 0x0 pcie: 0x0 l2cpu: 0x0 (cluster.cpp:339)
2026-02-12 00:38:12.009 | info     |             UMD | Opening local chip ids/PCIe ids: {0, 1}/[4, 3] and remote chip ids {} (cluster.cpp:186)
2026-02-12 00:38:12.009 | info     |             UMD | IOMMU: disabled (cluster.cpp:161)
2026-02-12 00:38:12.009 | info     |             UMD | KMD version: 2.4.1 (cluster.cpp:164)
2026-02-12 00:38:12.012 | info     |             UMD | Starting devices in cluster (cluster.cpp:965)
2026-02-12 00:38:12.015 | info     |             UMD | Mapped hugepage 0x4400000000 to NOC address 0x800000000 (silicon_sysmem_manager.cpp:207)
2026-02-12 00:38:12.019 | info     |             UMD | Mapped hugepage 0x480000000 to NOC address 0x800000000 (silicon_sysmem_manager.cpp:207)
2026-02-12 00:38:12.103 | info     |     Distributed | Using auto discovery to generate mesh graph. (metal_context.cpp:863)
2026-02-12 00:38:12.103 | info     |     Distributed | Constructing control plane using auto-discovery (no mesh graph descriptor). (metal_context.cpp:840)
2026-02-12 00:38:12.104 | info     |          Fabric | TopologyMapper mapping start (mesh=0): n_log=2, n_phys=2, log_deg_hist={1:2}, phys_deg_hist={0:2} (topology_mapper_utils.cpp:171)
2026-02-12 00:38:12.104 | info     |          Fabric | TopologyMapper mapping start (mesh=0): n_log=1, n_phys=2, log_deg_hist={0:1}, phys_deg_hist={0:2} (topology_mapper_utils.cpp:171)
2026-02-12 00:38:12.104 | warning  |          Fabric | TopologyMapper auto-discovery: Downgrading to mesh shape 1x1 (1 total nodes) for 2 physical chips. Some physical chips may not be used. This may indicate connectivity issues, topology mismatches, or insufficient fabric links between chips. Verify your physical chip connectivity and ensure that the fabric links are correctly configured. (topology_mapper.cpp:1564)
2026-02-12 00:38:12.104 | info     |          Fabric | TopologyMapper mapping start (mesh=0): n_log=1, n_phys=2, log_deg_hist={0:1}, phys_deg_hist={0:2} (topology_mapper_utils.cpp:171)
Requested mesh (1, 2) exceeds discovered system mesh (1, 1); falling back to discovered mesh because TTNN_ALLOW_SYSTEM_MESH_FALLBACK is enabled.
2026-02-12 00:38:12.109 | DEBUG    | ttnn.device:__init__:150 - Using default dispatch core type for this system: DispatchCoreType.WORKER
2026-02-12 00:38:12.110 | DEBUG    | ttnn.device:__init__:152 - Using default dispatch core axis for this system: DispatchCoreAxis.ROW
2026-02-12 00:38:12.117 | info     |    BuildKernels | Skipping deleting built cache (build.cpp:110)
2026-02-12 00:38:12.120 | info     |    BuildKernels | Skipping deleting built cache (build.cpp:110)
2026-02-12 00:38:12.175 | warning  |           Metal | Opening subset of mmio devices slows down UMD read/write to remote chips. If opening more devices, consider using CreateDevices API. (device_manager.cpp:301)
Loading HuggingFace reference model on CPU: humain-ai/ALLaM-7B-Instruct-preview
Loading checkpoint shards:   0%|          | 0/3 [00:00<?, ?it/s]Loading checkpoint shards:  33%|███▎      | 1/3 [00:00<00:01,  1.38it/s]Loading checkpoint shards:  67%|██████▋   | 2/3 [00:01<00:00,  1.54it/s]Loading checkpoint shards: 100%|██████████| 3/3 [00:01<00:00,  1.77it/s]Loading checkpoint shards: 100%|██████████| 3/3 [00:01<00:00,  1.68it/s]
Building TT model...
  Loading embeddings...
  Computing RoPE cache...
  Loading 32 layers...
Running one warmup prefill+decode pass (kernel compile warmup)...
2026-02-12 00:41:36.156 | warning  |    BuildKernels | Compute kernel 'pack_untilize_variable_num_blocks/18021495543364167813/' uses deprecated 'namespace NAMESPACE { void MAIN { } }' syntax. Please migrate to simplified 'void kernel_main() { }' syntax. (genfiles.cpp:187)
2026-02-12 00:41:36.251 | warning  |    BuildKernels | Compute kernel 'tilize/18251814608165832562/' uses deprecated 'namespace NAMESPACE { void MAIN { } }' syntax. Please migrate to simplified 'void kernel_main() { }' syntax. (genfiles.cpp:187)
2026-02-12 00:41:36.304 | warning  |    BuildKernels | Compute kernel 'layernorm/17132337866544620763/' uses deprecated 'namespace NAMESPACE { void MAIN { } }' syntax. Please migrate to simplified 'void kernel_main() { }' syntax. (genfiles.cpp:187)
2026-02-12 00:41:36.393 | warning  |    BuildKernels | Compute kernel 'bmm_large_block_zm_fused_bias_activation/9984058517180339019/' uses deprecated 'namespace NAMESPACE { void MAIN { } }' syntax. Please migrate to simplified 'void kernel_main() { }' syntax. (genfiles.cpp:187)
2026-02-12 00:41:36.501 | warning  |    BuildKernels | Compute kernel 'rotary_embedding/15977828201954068243/' uses deprecated 'namespace NAMESPACE { void MAIN { } }' syntax. Please migrate to simplified 'void kernel_main() { }' syntax. (genfiles.cpp:187)
2026-02-12 00:41:36.584 | warning  |    BuildKernels | Compute kernel 'sdpa/89646819859773288/' uses deprecated 'namespace NAMESPACE { void MAIN { } }' syntax. Please migrate to simplified 'void kernel_main() { }' syntax. (genfiles.cpp:187)
2026-02-12 00:41:36.689 | warning  |    BuildKernels | Compute kernel 'bmm_large_block_zm_fused_bias_activation/10871277992888585774/' uses deprecated 'namespace NAMESPACE { void MAIN { } }' syntax. Please migrate to simplified 'void kernel_main() { }' syntax. (genfiles.cpp:187)
2026-02-12 00:41:36.933 | warning  |    BuildKernels | Compute kernel 'bmm_large_block_zm_fused_bias_activation/14368278037435521175/' uses deprecated 'namespace NAMESPACE { void MAIN { } }' syntax. Please migrate to simplified 'void kernel_main() { }' syntax. (genfiles.cpp:187)
2026-02-12 00:41:36.998 | warning  |    BuildKernels | Compute kernel 'pack_untilize_wh/12783016731784767080/' uses deprecated 'namespace NAMESPACE { void MAIN { } }' syntax. Please migrate to simplified 'void kernel_main() { }' syntax. (genfiles.cpp:187)
2026-02-12 00:41:36.998 | warning  |    BuildKernels | Compute kernel 'pack_untilize_wh/3852363199925462906/' uses deprecated 'namespace NAMESPACE { void MAIN { } }' syntax. Please migrate to simplified 'void kernel_main() { }' syntax. (genfiles.cpp:187)
2026-02-12 00:41:36.999 | warning  |    BuildKernels | Compute kernel 'pack_untilize_wh/7086840538318172595/' uses deprecated 'namespace NAMESPACE { void MAIN { } }' syntax. Please migrate to simplified 'void kernel_main() { }' syntax. (genfiles.cpp:187)
2026-02-12 00:41:37.083 | warning  |    BuildKernels | Compute kernel 'tilize_wh/7242876147893395727/' uses deprecated 'namespace NAMESPACE { void MAIN { } }' syntax. Please migrate to simplified 'void kernel_main() { }' syntax. (genfiles.cpp:187)
2026-02-12 00:41:37.083 | warning  |    BuildKernels | Compute kernel 'tilize_wh/12714357955689313488/' uses deprecated 'namespace NAMESPACE { void MAIN { } }' syntax. Please migrate to simplified 'void kernel_main() { }' syntax. (genfiles.cpp:187)
2026-02-12 00:41:37.083 | warning  |    BuildKernels | Compute kernel 'tilize_wh/4709288304851342762/' uses deprecated 'namespace NAMESPACE { void MAIN { } }' syntax. Please migrate to simplified 'void kernel_main() { }' syntax. (genfiles.cpp:187)
2026-02-12 00:41:37.138 | warning  |    BuildKernels | Compute kernel 'bmm_large_block_zm_fused_bias_activation/4404026160441986435/' uses deprecated 'namespace NAMESPACE { void MAIN { } }' syntax. Please migrate to simplified 'void kernel_main() { }' syntax. (genfiles.cpp:187)
2026-02-12 00:41:37.281 | warning  |    BuildKernels | Compute kernel 'bmm_large_block_zm_fused_bias_activation/4503247578643269941/' uses deprecated 'namespace NAMESPACE { void MAIN { } }' syntax. Please migrate to simplified 'void kernel_main() { }' syntax. (genfiles.cpp:187)
2026-02-12 00:41:40.708 | warning  |    BuildKernels | Compute kernel 'update_cache/13768511706347252700/' uses deprecated 'namespace NAMESPACE { void MAIN { } }' syntax. Please migrate to simplified 'void kernel_main() { }' syntax. (genfiles.cpp:187)
2026-02-12 00:41:40.763 | warning  |    BuildKernels | Compute kernel 'sdpa_flash_decode/18089812707812935173/' uses deprecated 'namespace NAMESPACE { void MAIN { } }' syntax. Please migrate to simplified 'void kernel_main() { }' syntax. (genfiles.cpp:187)
2026-02-12 00:41:40.921 | warning  |    BuildKernels | Compute kernel 'bmm_large_block_zm_fused_bias_activation/888843920073401752/' uses deprecated 'namespace NAMESPACE { void MAIN { } }' syntax. Please migrate to simplified 'void kernel_main() { }' syntax. (genfiles.cpp:187)
2026-02-12 00:41:44.293 | warning  |    BuildKernels | Compute kernel 'bmm_large_block_zm_fused_bias_activation/6155824524306476405/' uses deprecated 'namespace NAMESPACE { void MAIN { } }' syntax. Please migrate to simplified 'void kernel_main() { }' syntax. (genfiles.cpp:187)
2026-02-12 00:41:44.454 | warning  |    BuildKernels | Compute kernel 'bmm_large_block_zm_fused_bias_activation/4391359061119251671/' uses deprecated 'namespace NAMESPACE { void MAIN { } }' syntax. Please migrate to simplified 'void kernel_main() { }' syntax. (genfiles.cpp:187)
TT demo (n300)
Model: humain-ai/ALLaM-7B-Instruct-preview
Mesh shape: 1x1
Prompt tokens: 57 | Generated tokens: 8
TTFT: 69 ms | Decode: 16.5 t/s/u (6 tokens)

Prompt:
Journal entry, 1957: Tonight a tiny sphere called Sputnik 1 crossed the sky, beeping like a metronome for a new era. The neighbors gathered on the roof, listening and arguing about what comes next. I wrote in my notebook that

Output:
I’m scared. I can’
2026-02-12 00:41:46.987 | info     |          Device | Closing user mode device drivers (tt_cluster.cpp:472)
2026-02-12 00:41:46.987 | info     |             UMD | Closing devices in cluster (cluster.cpp:976)
EXIT_CODE:0

COMMAND: TTNN_ALLOW_SYSTEM_MESH_FALLBACK=1 TTNN_DECODE_MATMUL_FIDELITY=lofi TT_METAL_CACHE=/tmp/tt-metal-cache PYTHONUNBUFFERED=1 timeout 1800 python -u eval.py models/humain-ai/ALLaM-7B-Instruct-preview/n300/optimized/model.py --model humain-ai/ALLaM-7B-Instruct-preview --prompt_file prompts/bringup_eval_long.txt --max_new_tokens 100 --max_seq_len 4096
2026-02-12 00:42:16.113 | DEBUG    | ttnn:<module>:77 - Initial ttnn.CONFIG:
Config{cache_path=/home/moconnor/.cache/ttnn,model_cache_path=/home/moconnor/.cache/ttnn/models,tmp_dir=/tmp/ttnn,enable_model_cache=false,enable_fast_runtime_mode=true,throw_exception_on_fallback=false,enable_logging=false,enable_graph_report=false,enable_detailed_buffer_report=false,enable_detailed_tensor_report=false,enable_comparison_mode=false,comparison_mode_should_raise_exception=false,comparison_mode_pcc=0.9999,root_report_path=generated/ttnn/reports,report_name=std::nullopt,std::nullopt}
/proj_sw/user_dev/moconnor/tt-metal/python_env/lib/python3.10/site-packages/transformers/utils/hub.py:111: FutureWarning: Using `TRANSFORMERS_CACHE` is deprecated and will be removed in v5 of Transformers. Use `HF_HOME` instead.
  warnings.warn(
Loading model module: /localdev/moconnor/ttnn_models/models/humain-ai/ALLaM-7B-Instruct-preview/n300/optimized/model.py
Loading HuggingFace tokenizer...
Loading HuggingFace reference model on CPU...
Loading checkpoint shards:   0%|          | 0/3 [00:00<?, ?it/s]Loading checkpoint shards:  33%|███▎      | 1/3 [00:00<00:01,  1.57it/s]Loading checkpoint shards:  67%|██████▋   | 2/3 [00:01<00:00,  1.53it/s]Loading checkpoint shards: 100%|██████████| 3/3 [00:01<00:00,  1.68it/s]Loading checkpoint shards: 100%|██████████| 3/3 [00:01<00:00,  1.64it/s]
Generating reference tokens...
Opening device (1x2)...
2026-02-12 00:46:02.682 | info     |             UMD | Established firmware bundle version: 18.12.1 (topology_discovery.cpp:368)
2026-02-12 00:46:02.683 | info     |          Device | Opening user mode device driver (tt_cluster.cpp:223)
2026-02-12 00:46:02.688 | info     |             UMD | Established firmware bundle version: 18.12.1 (topology_discovery.cpp:368)
2026-02-12 00:46:02.720 | info     |             UMD | Established firmware bundle version: 18.12.1 (topology_discovery.cpp:368)
2026-02-12 00:46:02.720 | info     |             UMD | Harvesting masks for chip 1 tensix: 0x8 dram: 0x0 eth: 0x0 pcie: 0x0 l2cpu: 0x0 (cluster.cpp:339)
2026-02-12 00:46:02.796 | info     |             UMD | Harvesting masks for chip 0 tensix: 0x8 dram: 0x0 eth: 0x0 pcie: 0x0 l2cpu: 0x0 (cluster.cpp:339)
2026-02-12 00:46:02.812 | info     |             UMD | Opening local chip ids/PCIe ids: {0, 1}/[4, 3] and remote chip ids {} (cluster.cpp:186)
2026-02-12 00:46:02.812 | info     |             UMD | IOMMU: disabled (cluster.cpp:161)
2026-02-12 00:46:02.812 | info     |             UMD | KMD version: 2.4.1 (cluster.cpp:164)
2026-02-12 00:46:02.815 | info     |             UMD | Starting devices in cluster (cluster.cpp:965)
2026-02-12 00:46:02.818 | info     |             UMD | Mapped hugepage 0x4400000000 to NOC address 0x800000000 (silicon_sysmem_manager.cpp:207)
2026-02-12 00:46:02.822 | info     |             UMD | Mapped hugepage 0x480000000 to NOC address 0x800000000 (silicon_sysmem_manager.cpp:207)
2026-02-12 00:46:02.886 | info     |     Distributed | Using auto discovery to generate mesh graph. (metal_context.cpp:863)
2026-02-12 00:46:02.886 | info     |     Distributed | Constructing control plane using auto-discovery (no mesh graph descriptor). (metal_context.cpp:840)
2026-02-12 00:46:02.886 | info     |          Fabric | TopologyMapper mapping start (mesh=0): n_log=2, n_phys=2, log_deg_hist={1:2}, phys_deg_hist={0:2} (topology_mapper_utils.cpp:171)
2026-02-12 00:46:02.886 | info     |          Fabric | TopologyMapper mapping start (mesh=0): n_log=1, n_phys=2, log_deg_hist={0:1}, phys_deg_hist={0:2} (topology_mapper_utils.cpp:171)
2026-02-12 00:46:02.886 | warning  |          Fabric | TopologyMapper auto-discovery: Downgrading to mesh shape 1x1 (1 total nodes) for 2 physical chips. Some physical chips may not be used. This may indicate connectivity issues, topology mismatches, or insufficient fabric links between chips. Verify your physical chip connectivity and ensure that the fabric links are correctly configured. (topology_mapper.cpp:1564)
2026-02-12 00:46:02.886 | info     |          Fabric | TopologyMapper mapping start (mesh=0): n_log=1, n_phys=2, log_deg_hist={0:1}, phys_deg_hist={0:2} (topology_mapper_utils.cpp:171)
Requested mesh (1, 2) exceeds discovered system mesh (1, 1); falling back to discovered mesh because TTNN_ALLOW_SYSTEM_MESH_FALLBACK is enabled.
2026-02-12 00:46:02.891 | DEBUG    | ttnn.device:__init__:150 - Using default dispatch core type for this system: DispatchCoreType.WORKER
2026-02-12 00:46:02.892 | DEBUG    | ttnn.device:__init__:152 - Using default dispatch core axis for this system: DispatchCoreAxis.ROW
2026-02-12 00:46:02.899 | info     |    BuildKernels | Skipping deleting built cache (build.cpp:110)
2026-02-12 00:46:02.902 | info     |    BuildKernels | Skipping deleting built cache (build.cpp:110)
2026-02-12 00:46:02.951 | warning  |           Metal | Opening subset of mmio devices slows down UMD read/write to remote chips. If opening more devices, consider using CreateDevices API. (device_manager.cpp:301)
Loading ttnn model...
  Loading embeddings...
  Computing RoPE cache...
  Loading 32 layers...
Running teacher-forcing eval (100 tokens)...
2026-02-12 00:49:12.975 | warning  |    BuildKernels | Compute kernel 'pack_untilize_variable_num_blocks/18021495543364167813/' uses deprecated 'namespace NAMESPACE { void MAIN { } }' syntax. Please migrate to simplified 'void kernel_main() { }' syntax. (genfiles.cpp:187)
2026-02-12 00:49:13.094 | warning  |    BuildKernels | Compute kernel 'tilize/18251814608165832562/' uses deprecated 'namespace NAMESPACE { void MAIN { } }' syntax. Please migrate to simplified 'void kernel_main() { }' syntax. (genfiles.cpp:187)
2026-02-12 00:49:13.155 | warning  |    BuildKernels | Compute kernel 'layernorm/17132337866544620763/' uses deprecated 'namespace NAMESPACE { void MAIN { } }' syntax. Please migrate to simplified 'void kernel_main() { }' syntax. (genfiles.cpp:187)
2026-02-12 00:49:13.252 | warning  |    BuildKernels | Compute kernel 'bmm_large_block_zm_fused_bias_activation/8538585052328497336/' uses deprecated 'namespace NAMESPACE { void MAIN { } }' syntax. Please migrate to simplified 'void kernel_main() { }' syntax. (genfiles.cpp:187)
2026-02-12 00:49:13.359 | warning  |    BuildKernels | Compute kernel 'rotary_embedding/3500961269753639563/' uses deprecated 'namespace NAMESPACE { void MAIN { } }' syntax. Please migrate to simplified 'void kernel_main() { }' syntax. (genfiles.cpp:187)
2026-02-12 00:49:13.359 | warning  |    BuildKernels | Compute kernel 'rotary_embedding/7317598834983320959/' uses deprecated 'namespace NAMESPACE { void MAIN { } }' syntax. Please migrate to simplified 'void kernel_main() { }' syntax. (genfiles.cpp:187)
2026-02-12 00:49:13.447 | warning  |    BuildKernels | Compute kernel 'sdpa/12365297889123530142/' uses deprecated 'namespace NAMESPACE { void MAIN { } }' syntax. Please migrate to simplified 'void kernel_main() { }' syntax. (genfiles.cpp:187)
2026-02-12 00:49:13.556 | warning  |    BuildKernels | Compute kernel 'bmm_large_block_zm_fused_bias_activation/7819257583480688955/' uses deprecated 'namespace NAMESPACE { void MAIN { } }' syntax. Please migrate to simplified 'void kernel_main() { }' syntax. (genfiles.cpp:187)
2026-02-12 00:49:13.835 | warning  |    BuildKernels | Compute kernel 'bmm_large_block_zm_fused_bias_activation/8826159788778620066/' uses deprecated 'namespace NAMESPACE { void MAIN { } }' syntax. Please migrate to simplified 'void kernel_main() { }' syntax. (genfiles.cpp:187)
2026-02-12 00:49:13.910 | warning  |    BuildKernels | Compute kernel 'pack_untilize_wh/15390635723243445095/' uses deprecated 'namespace NAMESPACE { void MAIN { } }' syntax. Please migrate to simplified 'void kernel_main() { }' syntax. (genfiles.cpp:187)
2026-02-12 00:49:13.912 | warning  |    BuildKernels | Compute kernel 'pack_untilize_wh/644432194384949212/' uses deprecated 'namespace NAMESPACE { void MAIN { } }' syntax. Please migrate to simplified 'void kernel_main() { }' syntax. (genfiles.cpp:187)
2026-02-12 00:49:14.014 | warning  |    BuildKernels | Compute kernel 'tilize_wh/4709288304851342762/' uses deprecated 'namespace NAMESPACE { void MAIN { } }' syntax. Please migrate to simplified 'void kernel_main() { }' syntax. (genfiles.cpp:187)
2026-02-12 00:49:14.014 | warning  |    BuildKernels | Compute kernel 'tilize_wh/12714357955689313488/' uses deprecated 'namespace NAMESPACE { void MAIN { } }' syntax. Please migrate to simplified 'void kernel_main() { }' syntax. (genfiles.cpp:187)
2026-02-12 00:49:14.014 | warning  |    BuildKernels | Compute kernel 'tilize_wh/7242876147893395727/' uses deprecated 'namespace NAMESPACE { void MAIN { } }' syntax. Please migrate to simplified 'void kernel_main() { }' syntax. (genfiles.cpp:187)
2026-02-12 00:49:14.112 | warning  |    BuildKernels | Compute kernel 'bmm_large_block_zm_fused_bias_activation/4404026160441986435/' uses deprecated 'namespace NAMESPACE { void MAIN { } }' syntax. Please migrate to simplified 'void kernel_main() { }' syntax. (genfiles.cpp:187)
2026-02-12 00:49:14.240 | warning  |    BuildKernels | Compute kernel 'bmm_large_block_zm_fused_bias_activation/4503247578643269941/' uses deprecated 'namespace NAMESPACE { void MAIN { } }' syntax. Please migrate to simplified 'void kernel_main() { }' syntax. (genfiles.cpp:187)
2026-02-12 00:49:14.325 | warning  |    BuildKernels | Compute kernel 'rotary_embedding/15977828201954068243/' uses deprecated 'namespace NAMESPACE { void MAIN { } }' syntax. Please migrate to simplified 'void kernel_main() { }' syntax. (genfiles.cpp:187)
2026-02-12 00:49:14.381 | warning  |    BuildKernels | Compute kernel 'update_cache/13768511706347252700/' uses deprecated 'namespace NAMESPACE { void MAIN { } }' syntax. Please migrate to simplified 'void kernel_main() { }' syntax. (genfiles.cpp:187)
2026-02-12 00:49:14.441 | warning  |    BuildKernels | Compute kernel 'sdpa_flash_decode/18089812707812935173/' uses deprecated 'namespace NAMESPACE { void MAIN { } }' syntax. Please migrate to simplified 'void kernel_main() { }' syntax. (genfiles.cpp:187)
2026-02-12 00:49:14.593 | warning  |    BuildKernels | Compute kernel 'bmm_large_block_zm_fused_bias_activation/888843920073401752/' uses deprecated 'namespace NAMESPACE { void MAIN { } }' syntax. Please migrate to simplified 'void kernel_main() { }' syntax. (genfiles.cpp:187)
2026-02-12 00:49:14.674 | warning  |    BuildKernels | Compute kernel 'bmm_large_block_zm_fused_bias_activation/6155824524306476405/' uses deprecated 'namespace NAMESPACE { void MAIN { } }' syntax. Please migrate to simplified 'void kernel_main() { }' syntax. (genfiles.cpp:187)
2026-02-12 00:49:14.822 | warning  |    BuildKernels | Compute kernel 'bmm_large_block_zm_fused_bias_activation/4391359061119251671/' uses deprecated 'namespace NAMESPACE { void MAIN { } }' syntax. Please migrate to simplified 'void kernel_main() { }' syntax. (genfiles.cpp:187)
Top-1 accuracy: 97.00% (0.9700)
Top-5 accuracy: 100.00% (1.0000)
2026-02-12 00:49:23.577 | info     |          Device | Closing user mode device drivers (tt_cluster.cpp:472)
2026-02-12 00:49:23.577 | info     |             UMD | Closing devices in cluster (cluster.cpp:976)
EXIT_CODE:0
